site,depth,lateral,time,test,location,values,num_test
1,1,1,0,pH,P2.A,7.62,TRUE
1,1,1,0,pH,P2.B,7.62,TRUE
1,1,1,0,pH,P2.C,7.62,TRUE
1,1,1,0,pH,P1.D,7.62,TRUE
1,1,1,0,pH,P1.E,7.62,TRUE
1,1,1,0,pH,P1.F,7.62,TRUE
1,1,1,0,pH,M,NA,TRUE
1,1,1,0,pH,Lined,7.62,TRUE
1,1,1,0,pH,Unlined,7.62,TRUE
1,1,1,0,NH4,P2.A,0.94,TRUE
1,1,1,0,NH4,P2.B,0.94,TRUE
1,1,1,0,NH4,P2.C,0.94,TRUE
1,1,1,0,NH4,P1.D,0.94,TRUE
1,1,1,0,NH4,P1.E,0.94,TRUE
1,1,1,0,NH4,P1.F,0.94,TRUE
1,1,1,0,NH4,M,NA,TRUE
1,1,1,0,NH4,Lined,0.94,TRUE
1,1,1,0,NH4,Unlined,0.94,TRUE
1,1,1,0,NO3,P2.A,28,TRUE
1,1,1,0,NO3,P2.B,28,TRUE
1,1,1,0,NO3,P2.C,28,TRUE
1,1,1,0,NO3,P1.D,28,TRUE
1,1,1,0,NO3,P1.E,28,TRUE
1,1,1,0,NO3,P1.F,28,TRUE
1,1,1,0,NO3,M,NA,TRUE
1,1,1,0,NO3,Lined,28,TRUE
1,1,1,0,NO3,Unlined,28,TRUE
1,1,1,0,EC,P2.A,790,TRUE
1,1,1,0,EC,P2.B,790,TRUE
1,1,1,0,EC,P2.C,790,TRUE
1,1,1,0,EC,P1.D,790,TRUE
1,1,1,0,EC,P1.E,790,TRUE
1,1,1,0,EC,P1.F,790,TRUE
1,1,1,0,EC,M,NA,TRUE
1,1,1,0,EC,Lined,790,TRUE
1,1,1,0,EC,Unlined,790,TRUE
1,1,1,0,P,P2.A,0.56,TRUE
1,1,1,0,P,P2.B,0.56,TRUE
1,1,1,0,P,P2.C,0.56,TRUE
1,1,1,0,P,P1.D,0.56,TRUE
1,1,1,0,P,P1.E,0.56,TRUE
1,1,1,0,P,P1.F,0.56,TRUE
1,1,1,0,P,M,NA,TRUE
1,1,1,0,P,Lined,0.56,TRUE
1,1,1,0,P,Unlined,0.56,TRUE
1,1,1,0,TC,P2.A,0,TRUE
1,1,1,0,TC,P2.B,0,TRUE
1,1,1,0,TC,P2.C,0,TRUE
1,1,1,0,TC,P1.D,0,TRUE
1,1,1,0,TC,P1.E,0,TRUE
1,1,1,0,TC,P1.F,0,TRUE
1,1,1,0,TC,M,NA,TRUE
1,1,1,0,TC,Lined,0,TRUE
1,1,1,0,TC,Unlined,0,TRUE
1,1,5,0,pH,P2.A,7.74,TRUE
1,1,5,0,pH,P2.B,7.74,TRUE
1,1,5,0,pH,P2.C,7.74,TRUE
1,1,5,0,pH,P1.D,7.74,TRUE
1,1,5,0,pH,P1.E,7.74,TRUE
1,1,5,0,pH,P1.F,7.74,TRUE
1,1,5,0,pH,M,NA,TRUE
1,1,5,0,pH,Lined,7.74,TRUE
1,1,5,0,pH,Unlined,7.74,TRUE
1,1,5,0,NH4,P2.A,0.4,TRUE
1,1,5,0,NH4,P2.B,0.4,TRUE
1,1,5,0,NH4,P2.C,0.4,TRUE
1,1,5,0,NH4,P1.D,0.4,TRUE
1,1,5,0,NH4,P1.E,0.4,TRUE
1,1,5,0,NH4,P1.F,0.4,TRUE
1,1,5,0,NH4,M,NA,TRUE
1,1,5,0,NH4,Lined,0.4,TRUE
1,1,5,0,NH4,Unlined,0.4,TRUE
1,1,5,0,NO3,P2.A,28.5,TRUE
1,1,5,0,NO3,P2.B,28.5,TRUE
1,1,5,0,NO3,P2.C,28.5,TRUE
1,1,5,0,NO3,P1.D,28.5,TRUE
1,1,5,0,NO3,P1.E,28.5,TRUE
1,1,5,0,NO3,P1.F,28.5,TRUE
1,1,5,0,NO3,M,NA,TRUE
1,1,5,0,NO3,Lined,28.5,TRUE
1,1,5,0,NO3,Unlined,28.5,TRUE
1,1,5,0,EC,P2.A,517,TRUE
1,1,5,0,EC,P2.B,517,TRUE
1,1,5,0,EC,P2.C,517,TRUE
1,1,5,0,EC,P1.D,517,TRUE
1,1,5,0,EC,P1.E,517,TRUE
1,1,5,0,EC,P1.F,517,TRUE
1,1,5,0,EC,M,NA,TRUE
1,1,5,0,EC,Lined,517,TRUE
1,1,5,0,EC,Unlined,517,TRUE
1,1,5,0,P,P2.A,0.62,TRUE
1,1,5,0,P,P2.B,0.62,TRUE
1,1,5,0,P,P2.C,0.62,TRUE
1,1,5,0,P,P1.D,0.62,TRUE
1,1,5,0,P,P1.E,0.62,TRUE
1,1,5,0,P,P1.F,0.62,TRUE
1,1,5,0,P,M,NA,TRUE
1,1,5,0,P,Lined,0.62,TRUE
1,1,5,0,P,Unlined,0.62,TRUE
1,1,5,0,TC,P2.A,0,TRUE
1,1,5,0,TC,P2.B,0,TRUE
1,1,5,0,TC,P2.C,0,TRUE
1,1,5,0,TC,P1.D,0,TRUE
1,1,5,0,TC,P1.E,0,TRUE
1,1,5,0,TC,P1.F,0,TRUE
1,1,5,0,TC,M,NA,TRUE
1,1,5,0,TC,Lined,0,TRUE
1,1,5,0,TC,Unlined,0,TRUE
1,1,10,0,pH,P2.A,7.92,TRUE
1,1,10,0,pH,P2.B,7.92,TRUE
1,1,10,0,pH,P2.C,7.92,TRUE
1,1,10,0,pH,P1.D,7.92,TRUE
1,1,10,0,pH,P1.E,7.92,TRUE
1,1,10,0,pH,P1.F,7.92,TRUE
1,1,10,0,pH,M,NA,TRUE
1,1,10,0,pH,Lined,7.92,TRUE
1,1,10,0,pH,Unlined,7.92,TRUE
1,1,10,0,NH4,P2.A,0.1,TRUE
1,1,10,0,NH4,P2.B,0.1,TRUE
1,1,10,0,NH4,P2.C,0.1,TRUE
1,1,10,0,NH4,P1.D,0.1,TRUE
1,1,10,0,NH4,P1.E,0.1,TRUE
1,1,10,0,NH4,P1.F,0.1,TRUE
1,1,10,0,NH4,M,NA,TRUE
1,1,10,0,NH4,Lined,0.1,TRUE
1,1,10,0,NH4,Unlined,0.1,TRUE
1,1,10,0,NO3,P2.A,33.5,TRUE
1,1,10,0,NO3,P2.B,33.5,TRUE
1,1,10,0,NO3,P2.C,33.5,TRUE
1,1,10,0,NO3,P1.D,33.5,TRUE
1,1,10,0,NO3,P1.E,33.5,TRUE
1,1,10,0,NO3,P1.F,33.5,TRUE
1,1,10,0,NO3,M,NA,TRUE
1,1,10,0,NO3,Lined,33.5,TRUE
1,1,10,0,NO3,Unlined,33.5,TRUE
1,1,10,0,EC,P2.A,1168,TRUE
1,1,10,0,EC,P2.B,1168,TRUE
1,1,10,0,EC,P2.C,1168,TRUE
1,1,10,0,EC,P1.D,1168,TRUE
1,1,10,0,EC,P1.E,1168,TRUE
1,1,10,0,EC,P1.F,1168,TRUE
1,1,10,0,EC,M,NA,TRUE
1,1,10,0,EC,Lined,1168,TRUE
1,1,10,0,EC,Unlined,1168,TRUE
1,1,10,0,P,P2.A,0.3,TRUE
1,1,10,0,P,P2.B,0.3,TRUE
1,1,10,0,P,P2.C,0.3,TRUE
1,1,10,0,P,P1.D,0.3,TRUE
1,1,10,0,P,P1.E,0.3,TRUE
1,1,10,0,P,P1.F,0.3,TRUE
1,1,10,0,P,M,NA,TRUE
1,1,10,0,P,Lined,0.3,TRUE
1,1,10,0,P,Unlined,0.3,TRUE
1,1,10,0,TC,P2.A,0,TRUE
1,1,10,0,TC,P2.B,0,TRUE
1,1,10,0,TC,P2.C,0,TRUE
1,1,10,0,TC,P1.D,0,TRUE
1,1,10,0,TC,P1.E,0,TRUE
1,1,10,0,TC,P1.F,0,TRUE
1,1,10,0,TC,M,NA,TRUE
1,1,10,0,TC,Lined,0,TRUE
1,1,10,0,TC,Unlined,0,TRUE
1,1.5,1,0,pH,P2.A,7.65,TRUE
1,1.5,1,0,pH,P2.B,7.65,TRUE
1,1.5,1,0,pH,P2.C,7.65,TRUE
1,1.5,1,0,pH,P1.D,7.65,TRUE
1,1.5,1,0,pH,P1.E,7.65,TRUE
1,1.5,1,0,pH,P1.F,7.65,TRUE
1,1.5,1,0,pH,M,NA,TRUE
1,1.5,1,0,pH,Lined,7.65,TRUE
1,1.5,1,0,pH,Unlined,7.65,TRUE
1,1.5,1,0,NH4,P2.A,0.1,TRUE
1,1.5,1,0,NH4,P2.B,0.1,TRUE
1,1.5,1,0,NH4,P2.C,0.1,TRUE
1,1.5,1,0,NH4,P1.D,0.1,TRUE
1,1.5,1,0,NH4,P1.E,0.1,TRUE
1,1.5,1,0,NH4,P1.F,0.1,TRUE
1,1.5,1,0,NH4,M,NA,TRUE
1,1.5,1,0,NH4,Lined,0.1,TRUE
1,1.5,1,0,NH4,Unlined,0.1,TRUE
1,1.5,1,0,NO3,P2.A,30.5,TRUE
1,1.5,1,0,NO3,P2.B,30.5,TRUE
1,1.5,1,0,NO3,P2.C,30.5,TRUE
1,1.5,1,0,NO3,P1.D,30.5,TRUE
1,1.5,1,0,NO3,P1.E,30.5,TRUE
1,1.5,1,0,NO3,P1.F,30.5,TRUE
1,1.5,1,0,NO3,M,NA,TRUE
1,1.5,1,0,NO3,Lined,30.5,TRUE
1,1.5,1,0,NO3,Unlined,30.5,TRUE
1,1.5,1,0,EC,P2.A,619,TRUE
1,1.5,1,0,EC,P2.B,619,TRUE
1,1.5,1,0,EC,P2.C,619,TRUE
1,1.5,1,0,EC,P1.D,619,TRUE
1,1.5,1,0,EC,P1.E,619,TRUE
1,1.5,1,0,EC,P1.F,619,TRUE
1,1.5,1,0,EC,M,NA,TRUE
1,1.5,1,0,EC,Lined,619,TRUE
1,1.5,1,0,EC,Unlined,619,TRUE
1,1.5,1,0,P,P2.A,0.34,TRUE
1,1.5,1,0,P,P2.B,0.34,TRUE
1,1.5,1,0,P,P2.C,0.34,TRUE
1,1.5,1,0,P,P1.D,0.34,TRUE
1,1.5,1,0,P,P1.E,0.34,TRUE
1,1.5,1,0,P,P1.F,0.34,TRUE
1,1.5,1,0,P,M,NA,TRUE
1,1.5,1,0,P,Lined,0.34,TRUE
1,1.5,1,0,P,Unlined,0.34,TRUE
1,1.5,1,0,TC,P2.A,0,TRUE
1,1.5,1,0,TC,P2.B,0,TRUE
1,1.5,1,0,TC,P2.C,0,TRUE
1,1.5,1,0,TC,P1.D,0,TRUE
1,1.5,1,0,TC,P1.E,0,TRUE
1,1.5,1,0,TC,P1.F,0,TRUE
1,1.5,1,0,TC,M,NA,TRUE
1,1.5,1,0,TC,Lined,0,TRUE
1,1.5,1,0,TC,Unlined,0,TRUE
1,1.5,5,0,pH,P2.A,7.65,TRUE
1,1.5,5,0,pH,P2.B,7.65,TRUE
1,1.5,5,0,pH,P2.C,7.65,TRUE
1,1.5,5,0,pH,P1.D,7.65,TRUE
1,1.5,5,0,pH,P1.E,7.65,TRUE
1,1.5,5,0,pH,P1.F,7.65,TRUE
1,1.5,5,0,pH,M,NA,TRUE
1,1.5,5,0,pH,Lined,7.65,TRUE
1,1.5,5,0,pH,Unlined,7.65,TRUE
1,1.5,5,0,NH4,P2.A,0.16,TRUE
1,1.5,5,0,NH4,P2.B,0.16,TRUE
1,1.5,5,0,NH4,P2.C,0.16,TRUE
1,1.5,5,0,NH4,P1.D,0.16,TRUE
1,1.5,5,0,NH4,P1.E,0.16,TRUE
1,1.5,5,0,NH4,P1.F,0.16,TRUE
1,1.5,5,0,NH4,M,NA,TRUE
1,1.5,5,0,NH4,Lined,0.16,TRUE
1,1.5,5,0,NH4,Unlined,0.16,TRUE
1,1.5,5,0,NO3,P2.A,30.5,TRUE
1,1.5,5,0,NO3,P2.B,30.5,TRUE
1,1.5,5,0,NO3,P2.C,30.5,TRUE
1,1.5,5,0,NO3,P1.D,30.5,TRUE
1,1.5,5,0,NO3,P1.E,30.5,TRUE
1,1.5,5,0,NO3,P1.F,30.5,TRUE
1,1.5,5,0,NO3,M,NA,TRUE
1,1.5,5,0,NO3,Lined,30.5,TRUE
1,1.5,5,0,NO3,Unlined,30.5,TRUE
1,1.5,5,0,EC,P2.A,630,TRUE
1,1.5,5,0,EC,P2.B,630,TRUE
1,1.5,5,0,EC,P2.C,630,TRUE
1,1.5,5,0,EC,P1.D,630,TRUE
1,1.5,5,0,EC,P1.E,630,TRUE
1,1.5,5,0,EC,P1.F,630,TRUE
1,1.5,5,0,EC,M,NA,TRUE
1,1.5,5,0,EC,Lined,630,TRUE
1,1.5,5,0,EC,Unlined,630,TRUE
1,1.5,5,0,P,P2.A,0.76,TRUE
1,1.5,5,0,P,P2.B,0.76,TRUE
1,1.5,5,0,P,P2.C,0.76,TRUE
1,1.5,5,0,P,P1.D,0.76,TRUE
1,1.5,5,0,P,P1.E,0.76,TRUE
1,1.5,5,0,P,P1.F,0.76,TRUE
1,1.5,5,0,P,M,NA,TRUE
1,1.5,5,0,P,Lined,0.76,TRUE
1,1.5,5,0,P,Unlined,0.76,TRUE
1,1.5,5,0,TC,P2.A,0,TRUE
1,1.5,5,0,TC,P2.B,0,TRUE
1,1.5,5,0,TC,P2.C,0,TRUE
1,1.5,5,0,TC,P1.D,0,TRUE
1,1.5,5,0,TC,P1.E,0,TRUE
1,1.5,5,0,TC,P1.F,0,TRUE
1,1.5,5,0,TC,M,NA,TRUE
1,1.5,5,0,TC,Lined,0,TRUE
1,1.5,5,0,TC,Unlined,0,TRUE
1,1.5,10,0,pH,P2.A,8.06,TRUE
1,1.5,10,0,pH,P2.B,8.06,TRUE
1,1.5,10,0,pH,P2.C,8.06,TRUE
1,1.5,10,0,pH,P1.D,8.06,TRUE
1,1.5,10,0,pH,P1.E,8.06,TRUE
1,1.5,10,0,pH,P1.F,8.06,TRUE
1,1.5,10,0,pH,M,NA,TRUE
1,1.5,10,0,pH,Lined,8.06,TRUE
1,1.5,10,0,pH,Unlined,8.06,TRUE
1,1.5,10,0,NH4,P2.A,0.18,TRUE
1,1.5,10,0,NH4,P2.B,0.18,TRUE
1,1.5,10,0,NH4,P2.C,0.18,TRUE
1,1.5,10,0,NH4,P1.D,0.18,TRUE
1,1.5,10,0,NH4,P1.E,0.18,TRUE
1,1.5,10,0,NH4,P1.F,0.18,TRUE
1,1.5,10,0,NH4,M,NA,TRUE
1,1.5,10,0,NH4,Lined,0.18,TRUE
1,1.5,10,0,NH4,Unlined,0.18,TRUE
1,1.5,10,0,NO3,P2.A,26.5,TRUE
1,1.5,10,0,NO3,P2.B,26.5,TRUE
1,1.5,10,0,NO3,P2.C,26.5,TRUE
1,1.5,10,0,NO3,P1.D,26.5,TRUE
1,1.5,10,0,NO3,P1.E,26.5,TRUE
1,1.5,10,0,NO3,P1.F,26.5,TRUE
1,1.5,10,0,NO3,M,NA,TRUE
1,1.5,10,0,NO3,Lined,26.5,TRUE
1,1.5,10,0,NO3,Unlined,26.5,TRUE
1,1.5,10,0,EC,P2.A,966,TRUE
1,1.5,10,0,EC,P2.B,966,TRUE
1,1.5,10,0,EC,P2.C,966,TRUE
1,1.5,10,0,EC,P1.D,966,TRUE
1,1.5,10,0,EC,P1.E,966,TRUE
1,1.5,10,0,EC,P1.F,966,TRUE
1,1.5,10,0,EC,M,NA,TRUE
1,1.5,10,0,EC,Lined,966,TRUE
1,1.5,10,0,EC,Unlined,966,TRUE
1,1.5,10,0,P,P2.A,0.46,TRUE
1,1.5,10,0,P,P2.B,0.46,TRUE
1,1.5,10,0,P,P2.C,0.46,TRUE
1,1.5,10,0,P,P1.D,0.46,TRUE
1,1.5,10,0,P,P1.E,0.46,TRUE
1,1.5,10,0,P,P1.F,0.46,TRUE
1,1.5,10,0,P,M,NA,TRUE
1,1.5,10,0,P,Lined,0.46,TRUE
1,1.5,10,0,P,Unlined,0.46,TRUE
1,1.5,10,0,TC,P2.A,0,TRUE
1,1.5,10,0,TC,P2.B,0,TRUE
1,1.5,10,0,TC,P2.C,0,TRUE
1,1.5,10,0,TC,P1.D,0,TRUE
1,1.5,10,0,TC,P1.E,0,TRUE
1,1.5,10,0,TC,P1.F,0,TRUE
1,1.5,10,0,TC,M,NA,TRUE
1,1.5,10,0,TC,Lined,0,TRUE
1,1.5,10,0,TC,Unlined,0,TRUE
1,1,1,18,pH,P2.A,7.75,TRUE
1,1,1,18,pH,P2.B,7.75,TRUE
1,1,1,18,pH,P2.C,7.75,TRUE
1,1,1,18,pH,P1.D,NA,TRUE
1,1,1,18,pH,P1.E,NA,TRUE
1,1,1,18,pH,P1.F,NA,TRUE
1,1,1,18,pH,M,NA,TRUE
1,1,1,18,pH,Lined,7.75,TRUE
1,1,1,18,pH,Unlined,NA,TRUE
1,1,1,18,NH4,P2.A,0.04,TRUE
1,1,1,18,NH4,P2.B,0.04,TRUE
1,1,1,18,NH4,P2.C,0.04,TRUE
1,1,1,18,NH4,P1.D,NA,TRUE
1,1,1,18,NH4,P1.E,NA,TRUE
1,1,1,18,NH4,P1.F,NA,TRUE
1,1,1,18,NH4,M,NA,TRUE
1,1,1,18,NH4,Lined,0.04,TRUE
1,1,1,18,NH4,Unlined,NA,TRUE
1,1,1,18,NO3,P2.A,18.2,TRUE
1,1,1,18,NO3,P2.B,18.2,TRUE
1,1,1,18,NO3,P2.C,18.2,TRUE
1,1,1,18,NO3,P1.D,NA,TRUE
1,1,1,18,NO3,P1.E,NA,TRUE
1,1,1,18,NO3,P1.F,NA,TRUE
1,1,1,18,NO3,M,NA,TRUE
1,1,1,18,NO3,Lined,18.2,TRUE
1,1,1,18,NO3,Unlined,NA,TRUE
1,1,1,18,EC,P2.A,975,TRUE
1,1,1,18,EC,P2.B,975,TRUE
1,1,1,18,EC,P2.C,975,TRUE
1,1,1,18,EC,P1.D,NA,TRUE
1,1,1,18,EC,P1.E,NA,TRUE
1,1,1,18,EC,P1.F,NA,TRUE
1,1,1,18,EC,M,NA,TRUE
1,1,1,18,EC,Lined,975,TRUE
1,1,1,18,EC,Unlined,NA,TRUE
1,1,1,18,P,P2.A,0.57,TRUE
1,1,1,18,P,P2.B,0.57,TRUE
1,1,1,18,P,P2.C,0.57,TRUE
1,1,1,18,P,P1.D,NA,TRUE
1,1,1,18,P,P1.E,NA,TRUE
1,1,1,18,P,P1.F,NA,TRUE
1,1,1,18,P,M,NA,TRUE
1,1,1,18,P,Lined,0.57,TRUE
1,1,1,18,P,Unlined,NA,TRUE
1,1,1,18,TC,P2.A,0,TRUE
1,1,1,18,TC,P2.B,0,TRUE
1,1,1,18,TC,P2.C,0,TRUE
1,1,1,18,TC,P1.D,NA,TRUE
1,1,1,18,TC,P1.E,NA,TRUE
1,1,1,18,TC,P1.F,NA,TRUE
1,1,1,18,TC,M,NA,TRUE
1,1,1,18,TC,Lined,0,TRUE
1,1,1,18,TC,Unlined,NA,TRUE
1,1,5,18,pH,P2.A,7.84,TRUE
1,1,5,18,pH,P2.B,7.84,TRUE
1,1,5,18,pH,P2.C,7.84,TRUE
1,1,5,18,pH,P1.D,NA,TRUE
1,1,5,18,pH,P1.E,NA,TRUE
1,1,5,18,pH,P1.F,NA,TRUE
1,1,5,18,pH,M,NA,TRUE
1,1,5,18,pH,Lined,7.84,TRUE
1,1,5,18,pH,Unlined,NA,TRUE
1,1,5,18,NH4,P2.A,0.03,TRUE
1,1,5,18,NH4,P2.B,0.03,TRUE
1,1,5,18,NH4,P2.C,0.03,TRUE
1,1,5,18,NH4,P1.D,NA,TRUE
1,1,5,18,NH4,P1.E,NA,TRUE
1,1,5,18,NH4,P1.F,NA,TRUE
1,1,5,18,NH4,M,NA,TRUE
1,1,5,18,NH4,Lined,0.03,TRUE
1,1,5,18,NH4,Unlined,NA,TRUE
1,1,5,18,NO3,P2.A,17.5,TRUE
1,1,5,18,NO3,P2.B,17.5,TRUE
1,1,5,18,NO3,P2.C,17.5,TRUE
1,1,5,18,NO3,P1.D,NA,TRUE
1,1,5,18,NO3,P1.E,NA,TRUE
1,1,5,18,NO3,P1.F,NA,TRUE
1,1,5,18,NO3,M,NA,TRUE
1,1,5,18,NO3,Lined,17.5,TRUE
1,1,5,18,NO3,Unlined,NA,TRUE
1,1,5,18,EC,P2.A,822,TRUE
1,1,5,18,EC,P2.B,822,TRUE
1,1,5,18,EC,P2.C,822,TRUE
1,1,5,18,EC,P1.D,NA,TRUE
1,1,5,18,EC,P1.E,NA,TRUE
1,1,5,18,EC,P1.F,NA,TRUE
1,1,5,18,EC,M,NA,TRUE
1,1,5,18,EC,Lined,822,TRUE
1,1,5,18,EC,Unlined,NA,TRUE
1,1,5,18,P,P2.A,0.37,TRUE
1,1,5,18,P,P2.B,0.37,TRUE
1,1,5,18,P,P2.C,0.37,TRUE
1,1,5,18,P,P1.D,NA,TRUE
1,1,5,18,P,P1.E,NA,TRUE
1,1,5,18,P,P1.F,NA,TRUE
1,1,5,18,P,M,NA,TRUE
1,1,5,18,P,Lined,0.37,TRUE
1,1,5,18,P,Unlined,NA,TRUE
1,1,5,18,TC,P2.A,0,TRUE
1,1,5,18,TC,P2.B,0,TRUE
1,1,5,18,TC,P2.C,0,TRUE
1,1,5,18,TC,P1.D,NA,TRUE
1,1,5,18,TC,P1.E,NA,TRUE
1,1,5,18,TC,P1.F,NA,TRUE
1,1,5,18,TC,M,NA,TRUE
1,1,5,18,TC,Lined,0,TRUE
1,1,5,18,TC,Unlined,NA,TRUE
1,1.5,1,18,pH,P2.A,8.01,TRUE
1,1.5,1,18,pH,P2.B,8.01,TRUE
1,1.5,1,18,pH,P2.C,8.01,TRUE
1,1.5,1,18,pH,P1.D,NA,TRUE
1,1.5,1,18,pH,P1.E,NA,TRUE
1,1.5,1,18,pH,P1.F,NA,TRUE
1,1.5,1,18,pH,M,NA,TRUE
1,1.5,1,18,pH,Lined,8.01,TRUE
1,1.5,1,18,pH,Unlined,NA,TRUE
1,1.5,1,18,NH4,P2.A,0.04,TRUE
1,1.5,1,18,NH4,P2.B,0.04,TRUE
1,1.5,1,18,NH4,P2.C,0.04,TRUE
1,1.5,1,18,NH4,P1.D,NA,TRUE
1,1.5,1,18,NH4,P1.E,NA,TRUE
1,1.5,1,18,NH4,P1.F,NA,TRUE
1,1.5,1,18,NH4,M,NA,TRUE
1,1.5,1,18,NH4,Lined,0.04,TRUE
1,1.5,1,18,NH4,Unlined,NA,TRUE
1,1.5,1,18,NO3,P2.A,14.9,TRUE
1,1.5,1,18,NO3,P2.B,14.9,TRUE
1,1.5,1,18,NO3,P2.C,14.9,TRUE
1,1.5,1,18,NO3,P1.D,NA,TRUE
1,1.5,1,18,NO3,P1.E,NA,TRUE
1,1.5,1,18,NO3,P1.F,NA,TRUE
1,1.5,1,18,NO3,M,NA,TRUE
1,1.5,1,18,NO3,Lined,14.9,TRUE
1,1.5,1,18,NO3,Unlined,NA,TRUE
1,1.5,1,18,EC,P2.A,734,TRUE
1,1.5,1,18,EC,P2.B,734,TRUE
1,1.5,1,18,EC,P2.C,734,TRUE
1,1.5,1,18,EC,P1.D,NA,TRUE
1,1.5,1,18,EC,P1.E,NA,TRUE
1,1.5,1,18,EC,P1.F,NA,TRUE
1,1.5,1,18,EC,M,NA,TRUE
1,1.5,1,18,EC,Lined,734,TRUE
1,1.5,1,18,EC,Unlined,NA,TRUE
1,1.5,1,18,P,P2.A,0.6,TRUE
1,1.5,1,18,P,P2.B,0.6,TRUE
1,1.5,1,18,P,P2.C,0.6,TRUE
1,1.5,1,18,P,P1.D,NA,TRUE
1,1.5,1,18,P,P1.E,NA,TRUE
1,1.5,1,18,P,P1.F,NA,TRUE
1,1.5,1,18,P,M,NA,TRUE
1,1.5,1,18,P,Lined,0.6,TRUE
1,1.5,1,18,P,Unlined,NA,TRUE
1,1.5,1,18,TC,P2.A,0,TRUE
1,1.5,1,18,TC,P2.B,0,TRUE
1,1.5,1,18,TC,P2.C,0,TRUE
1,1.5,1,18,TC,P1.D,NA,TRUE
1,1.5,1,18,TC,P1.E,NA,TRUE
1,1.5,1,18,TC,P1.F,NA,TRUE
1,1.5,1,18,TC,M,NA,TRUE
1,1.5,1,18,TC,Lined,0,TRUE
1,1.5,1,18,TC,Unlined,NA,TRUE
1,1.5,5,18,pH,P2.A,8.04,TRUE
1,1.5,5,18,pH,P2.B,8.04,TRUE
1,1.5,5,18,pH,P2.C,8.04,TRUE
1,1.5,5,18,pH,P1.D,NA,TRUE
1,1.5,5,18,pH,P1.E,NA,TRUE
1,1.5,5,18,pH,P1.F,NA,TRUE
1,1.5,5,18,pH,M,NA,TRUE
1,1.5,5,18,pH,Lined,8.04,TRUE
1,1.5,5,18,pH,Unlined,NA,TRUE
1,1.5,5,18,NH4,P2.A,0.03,TRUE
1,1.5,5,18,NH4,P2.B,0.03,TRUE
1,1.5,5,18,NH4,P2.C,0.03,TRUE
1,1.5,5,18,NH4,P1.D,NA,TRUE
1,1.5,5,18,NH4,P1.E,NA,TRUE
1,1.5,5,18,NH4,P1.F,NA,TRUE
1,1.5,5,18,NH4,M,NA,TRUE
1,1.5,5,18,NH4,Lined,0.03,TRUE
1,1.5,5,18,NH4,Unlined,NA,TRUE
1,1.5,5,18,NO3,P2.A,14.8,TRUE
1,1.5,5,18,NO3,P2.B,14.8,TRUE
1,1.5,5,18,NO3,P2.C,14.8,TRUE
1,1.5,5,18,NO3,P1.D,NA,TRUE
1,1.5,5,18,NO3,P1.E,NA,TRUE
1,1.5,5,18,NO3,P1.F,NA,TRUE
1,1.5,5,18,NO3,M,NA,TRUE
1,1.5,5,18,NO3,Lined,14.8,TRUE
1,1.5,5,18,NO3,Unlined,NA,TRUE
1,1.5,5,18,EC,P2.A,616,TRUE
1,1.5,5,18,EC,P2.B,616,TRUE
1,1.5,5,18,EC,P2.C,616,TRUE
1,1.5,5,18,EC,P1.D,NA,TRUE
1,1.5,5,18,EC,P1.E,NA,TRUE
1,1.5,5,18,EC,P1.F,NA,TRUE
1,1.5,5,18,EC,M,NA,TRUE
1,1.5,5,18,EC,Lined,616,TRUE
1,1.5,5,18,EC,Unlined,NA,TRUE
1,1.5,5,18,P,P2.A,0.43,TRUE
1,1.5,5,18,P,P2.B,0.43,TRUE
1,1.5,5,18,P,P2.C,0.43,TRUE
1,1.5,5,18,P,P1.D,NA,TRUE
1,1.5,5,18,P,P1.E,NA,TRUE
1,1.5,5,18,P,P1.F,NA,TRUE
1,1.5,5,18,P,M,NA,TRUE
1,1.5,5,18,P,Lined,0.43,TRUE
1,1.5,5,18,P,Unlined,NA,TRUE
1,1.5,5,18,TC,P2.A,0,TRUE
1,1.5,5,18,TC,P2.B,0,TRUE
1,1.5,5,18,TC,P2.C,0,TRUE
1,1.5,5,18,TC,P1.D,NA,TRUE
1,1.5,5,18,TC,P1.E,NA,TRUE
1,1.5,5,18,TC,P1.F,NA,TRUE
1,1.5,5,18,TC,M,NA,TRUE
1,1.5,5,18,TC,Lined,0,TRUE
1,1.5,5,18,TC,Unlined,NA,TRUE
1,1,1,45,pH,P2.A,9.03,TRUE
1,1,1,45,pH,P2.B,9.03,TRUE
1,1,1,45,pH,P2.C,9.03,TRUE
1,1,1,45,pH,P1.D,8.7,TRUE
1,1,1,45,pH,P1.E,8.7,TRUE
1,1,1,45,pH,P1.F,8.7,TRUE
1,1,1,45,pH,M,NA,TRUE
1,1,1,45,pH,Lined,9.03,TRUE
1,1,1,45,pH,Unlined,8.7,TRUE
1,1,1,45,NH4,P2.A,0.15,TRUE
1,1,1,45,NH4,P2.B,0.15,TRUE
1,1,1,45,NH4,P2.C,0.15,TRUE
1,1,1,45,NH4,P1.D,0.12,TRUE
1,1,1,45,NH4,P1.E,0.12,TRUE
1,1,1,45,NH4,P1.F,0.12,TRUE
1,1,1,45,NH4,M,NA,TRUE
1,1,1,45,NH4,Lined,0.15,TRUE
1,1,1,45,NH4,Unlined,0.12,TRUE
1,1,1,45,NO3,P2.A,54.1,TRUE
1,1,1,45,NO3,P2.B,54.1,TRUE
1,1,1,45,NO3,P2.C,54.1,TRUE
1,1,1,45,NO3,P1.D,31.8,TRUE
1,1,1,45,NO3,P1.E,31.8,TRUE
1,1,1,45,NO3,P1.F,31.8,TRUE
1,1,1,45,NO3,M,NA,TRUE
1,1,1,45,NO3,Lined,54.1,TRUE
1,1,1,45,NO3,Unlined,31.8,TRUE
1,1,1,45,EC,P2.A,515,TRUE
1,1,1,45,EC,P2.B,515,TRUE
1,1,1,45,EC,P2.C,515,TRUE
1,1,1,45,EC,P1.D,216,TRUE
1,1,1,45,EC,P1.E,216,TRUE
1,1,1,45,EC,P1.F,216,TRUE
1,1,1,45,EC,M,NA,TRUE
1,1,1,45,EC,Lined,515,TRUE
1,1,1,45,EC,Unlined,216,TRUE
1,1,1,45,P,P2.A,0.69,TRUE
1,1,1,45,P,P2.B,0.69,TRUE
1,1,1,45,P,P2.C,0.69,TRUE
1,1,1,45,P,P1.D,0.45,TRUE
1,1,1,45,P,P1.E,0.45,TRUE
1,1,1,45,P,P1.F,0.45,TRUE
1,1,1,45,P,M,NA,TRUE
1,1,1,45,P,Lined,0.69,TRUE
1,1,1,45,P,Unlined,0.45,TRUE
1,1,1,45,TC,P2.A,0,TRUE
1,1,1,45,TC,P2.B,0,TRUE
1,1,1,45,TC,P2.C,0,TRUE
1,1,1,45,TC,P1.D,0,TRUE
1,1,1,45,TC,P1.E,0,TRUE
1,1,1,45,TC,P1.F,0,TRUE
1,1,1,45,TC,M,NA,TRUE
1,1,1,45,TC,Lined,0,TRUE
1,1,1,45,TC,Unlined,0,TRUE
1,1,5,45,pH,P2.A,8.73,TRUE
1,1,5,45,pH,P2.B,8.73,TRUE
1,1,5,45,pH,P2.C,8.73,TRUE
1,1,5,45,pH,P1.D,8.47,TRUE
1,1,5,45,pH,P1.E,8.47,TRUE
1,1,5,45,pH,P1.F,8.47,TRUE
1,1,5,45,pH,M,NA,TRUE
1,1,5,45,pH,Lined,8.73,TRUE
1,1,5,45,pH,Unlined,8.47,TRUE
1,1,5,45,NH4,P2.A,0.42,TRUE
1,1,5,45,NH4,P2.B,0.42,TRUE
1,1,5,45,NH4,P2.C,0.42,TRUE
1,1,5,45,NH4,P1.D,0.16,TRUE
1,1,5,45,NH4,P1.E,0.16,TRUE
1,1,5,45,NH4,P1.F,0.16,TRUE
1,1,5,45,NH4,M,NA,TRUE
1,1,5,45,NH4,Lined,0.42,TRUE
1,1,5,45,NH4,Unlined,0.16,TRUE
1,1,5,45,NO3,P2.A,24.4,TRUE
1,1,5,45,NO3,P2.B,24.4,TRUE
1,1,5,45,NO3,P2.C,24.4,TRUE
1,1,5,45,NO3,P1.D,36.3,TRUE
1,1,5,45,NO3,P1.E,36.3,TRUE
1,1,5,45,NO3,P1.F,36.3,TRUE
1,1,5,45,NO3,M,NA,TRUE
1,1,5,45,NO3,Lined,24.4,TRUE
1,1,5,45,NO3,Unlined,36.3,TRUE
1,1,5,45,EC,P2.A,276,TRUE
1,1,5,45,EC,P2.B,276,TRUE
1,1,5,45,EC,P2.C,276,TRUE
1,1,5,45,EC,P1.D,544,TRUE
1,1,5,45,EC,P1.E,544,TRUE
1,1,5,45,EC,P1.F,544,TRUE
1,1,5,45,EC,M,NA,TRUE
1,1,5,45,EC,Lined,276,TRUE
1,1,5,45,EC,Unlined,544,TRUE
1,1,5,45,P,P2.A,0.6,TRUE
1,1,5,45,P,P2.B,0.6,TRUE
1,1,5,45,P,P2.C,0.6,TRUE
1,1,5,45,P,P1.D,0.51,TRUE
1,1,5,45,P,P1.E,0.51,TRUE
1,1,5,45,P,P1.F,0.51,TRUE
1,1,5,45,P,M,NA,TRUE
1,1,5,45,P,Lined,0.6,TRUE
1,1,5,45,P,Unlined,0.51,TRUE
1,1,5,45,TC,P2.A,0,TRUE
1,1,5,45,TC,P2.B,0,TRUE
1,1,5,45,TC,P2.C,0,TRUE
1,1,5,45,TC,P1.D,38,TRUE
1,1,5,45,TC,P1.E,38,TRUE
1,1,5,45,TC,P1.F,38,TRUE
1,1,5,45,TC,M,NA,TRUE
1,1,5,45,TC,Lined,0,TRUE
1,1,5,45,TC,Unlined,38,TRUE
1,1.5,1,45,pH,P2.A,8.74,TRUE
1,1.5,1,45,pH,P2.B,8.74,TRUE
1,1.5,1,45,pH,P2.C,8.74,TRUE
1,1.5,1,45,pH,P1.D,8.68,TRUE
1,1.5,1,45,pH,P1.E,8.68,TRUE
1,1.5,1,45,pH,P1.F,8.68,TRUE
1,1.5,1,45,pH,M,NA,TRUE
1,1.5,1,45,pH,Lined,8.74,TRUE
1,1.5,1,45,pH,Unlined,8.68,TRUE
1,1.5,1,45,NH4,P2.A,0.11,TRUE
1,1.5,1,45,NH4,P2.B,0.11,TRUE
1,1.5,1,45,NH4,P2.C,0.11,TRUE
1,1.5,1,45,NH4,P1.D,0.17,TRUE
1,1.5,1,45,NH4,P1.E,0.17,TRUE
1,1.5,1,45,NH4,P1.F,0.17,TRUE
1,1.5,1,45,NH4,M,NA,TRUE
1,1.5,1,45,NH4,Lined,0.11,TRUE
1,1.5,1,45,NH4,Unlined,0.17,TRUE
1,1.5,1,45,NO3,P2.A,47.8,TRUE
1,1.5,1,45,NO3,P2.B,47.8,TRUE
1,1.5,1,45,NO3,P2.C,47.8,TRUE
1,1.5,1,45,NO3,P1.D,35.2,TRUE
1,1.5,1,45,NO3,P1.E,35.2,TRUE
1,1.5,1,45,NO3,P1.F,35.2,TRUE
1,1.5,1,45,NO3,M,NA,TRUE
1,1.5,1,45,NO3,Lined,47.8,TRUE
1,1.5,1,45,NO3,Unlined,35.2,TRUE
1,1.5,1,45,EC,P2.A,363,TRUE
1,1.5,1,45,EC,P2.B,363,TRUE
1,1.5,1,45,EC,P2.C,363,TRUE
1,1.5,1,45,EC,P1.D,186,TRUE
1,1.5,1,45,EC,P1.E,186,TRUE
1,1.5,1,45,EC,P1.F,186,TRUE
1,1.5,1,45,EC,M,NA,TRUE
1,1.5,1,45,EC,Lined,363,TRUE
1,1.5,1,45,EC,Unlined,186,TRUE
1,1.5,1,45,P,P2.A,0.52,TRUE
1,1.5,1,45,P,P2.B,0.52,TRUE
1,1.5,1,45,P,P2.C,0.52,TRUE
1,1.5,1,45,P,P1.D,0.52,TRUE
1,1.5,1,45,P,P1.E,0.52,TRUE
1,1.5,1,45,P,P1.F,0.52,TRUE
1,1.5,1,45,P,M,NA,TRUE
1,1.5,1,45,P,Lined,0.52,TRUE
1,1.5,1,45,P,Unlined,0.52,TRUE
1,1.5,1,45,TC,P2.A,0,TRUE
1,1.5,1,45,TC,P2.B,0,TRUE
1,1.5,1,45,TC,P2.C,0,TRUE
1,1.5,1,45,TC,P1.D,0,TRUE
1,1.5,1,45,TC,P1.E,0,TRUE
1,1.5,1,45,TC,P1.F,0,TRUE
1,1.5,1,45,TC,M,NA,TRUE
1,1.5,1,45,TC,Lined,0,TRUE
1,1.5,1,45,TC,Unlined,0,TRUE
1,1.5,5,45,pH,P2.A,8.68,TRUE
1,1.5,5,45,pH,P2.B,8.68,TRUE
1,1.5,5,45,pH,P2.C,8.68,TRUE
1,1.5,5,45,pH,P1.D,8.5,TRUE
1,1.5,5,45,pH,P1.E,8.5,TRUE
1,1.5,5,45,pH,P1.F,8.5,TRUE
1,1.5,5,45,pH,M,NA,TRUE
1,1.5,5,45,pH,Lined,8.68,TRUE
1,1.5,5,45,pH,Unlined,8.5,TRUE
1,1.5,5,45,NH4,P2.A,0.18,TRUE
1,1.5,5,45,NH4,P2.B,0.18,TRUE
1,1.5,5,45,NH4,P2.C,0.18,TRUE
1,1.5,5,45,NH4,P1.D,0.11,TRUE
1,1.5,5,45,NH4,P1.E,0.11,TRUE
1,1.5,5,45,NH4,P1.F,0.11,TRUE
1,1.5,5,45,NH4,M,NA,TRUE
1,1.5,5,45,NH4,Lined,0.18,TRUE
1,1.5,5,45,NH4,Unlined,0.11,TRUE
1,1.5,5,45,NO3,P2.A,68.4,TRUE
1,1.5,5,45,NO3,P2.B,68.4,TRUE
1,1.5,5,45,NO3,P2.C,68.4,TRUE
1,1.5,5,45,NO3,P1.D,18.8,TRUE
1,1.5,5,45,NO3,P1.E,18.8,TRUE
1,1.5,5,45,NO3,P1.F,18.8,TRUE
1,1.5,5,45,NO3,M,NA,TRUE
1,1.5,5,45,NO3,Lined,68.4,TRUE
1,1.5,5,45,NO3,Unlined,18.8,TRUE
1,1.5,5,45,EC,P2.A,322,TRUE
1,1.5,5,45,EC,P2.B,322,TRUE
1,1.5,5,45,EC,P2.C,322,TRUE
1,1.5,5,45,EC,P1.D,364,TRUE
1,1.5,5,45,EC,P1.E,364,TRUE
1,1.5,5,45,EC,P1.F,364,TRUE
1,1.5,5,45,EC,M,NA,TRUE
1,1.5,5,45,EC,Lined,322,TRUE
1,1.5,5,45,EC,Unlined,364,TRUE
1,1.5,5,45,P,P2.A,0.62,TRUE
1,1.5,5,45,P,P2.B,0.62,TRUE
1,1.5,5,45,P,P2.C,0.62,TRUE
1,1.5,5,45,P,P1.D,0.47,TRUE
1,1.5,5,45,P,P1.E,0.47,TRUE
1,1.5,5,45,P,P1.F,0.47,TRUE
1,1.5,5,45,P,M,NA,TRUE
1,1.5,5,45,P,Lined,0.62,TRUE
1,1.5,5,45,P,Unlined,0.47,TRUE
1,1.5,5,45,TC,P2.A,0,TRUE
1,1.5,5,45,TC,P2.B,0,TRUE
1,1.5,5,45,TC,P2.C,0,TRUE
1,1.5,5,45,TC,P1.D,6,TRUE
1,1.5,5,45,TC,P1.E,6,TRUE
1,1.5,5,45,TC,P1.F,6,TRUE
1,1.5,5,45,TC,M,NA,TRUE
1,1.5,5,45,TC,Lined,0,TRUE
1,1.5,5,45,TC,Unlined,6,TRUE
1,1,0.5,175,pH,P2.A,8.22,TRUE
1,1,0.5,175,pH,P2.B,8.46,TRUE
1,1,0.5,175,pH,P2.C,8.14,TRUE
1,1,0.5,175,pH,P1.D,8.15,TRUE
1,1,0.5,175,pH,P1.E,9.02,TRUE
1,1,0.5,175,pH,P1.F,8.32,TRUE
1,1,0.5,175,pH,M,8.14,TRUE
1,1,0.5,175,pH,Lined,8.24,TRUE
1,1,0.5,175,pH,Unlined,8.41,TRUE
1,1,0.5,175,NH4,P2.A,1.12,TRUE
1,1,0.5,175,NH4,P2.B,1.01,TRUE
1,1,0.5,175,NH4,P2.C,0.7,TRUE
1,1,0.5,175,NH4,P1.D,1.04,TRUE
1,1,0.5,175,NH4,P1.E,1.06,TRUE
1,1,0.5,175,NH4,P1.F,1.33,TRUE
1,1,0.5,175,NH4,M,1.03,TRUE
1,1,0.5,175,NH4,Lined,0.97,TRUE
1,1,0.5,175,NH4,Unlined,1.12,TRUE
1,1,0.5,175,NO3,P2.A,7.5,TRUE
1,1,0.5,175,NO3,P2.B,3.16,TRUE
1,1,0.5,175,NO3,P2.C,1.82,TRUE
1,1,0.5,175,NO3,P1.D,12.78,TRUE
1,1,0.5,175,NO3,P1.E,12.88,TRUE
1,1,0.5,175,NO3,P1.F,8.7,TRUE
1,1,0.5,175,NO3,M,7.9,TRUE
1,1,0.5,175,NO3,Lined,5.1,TRUE
1,1,0.5,175,NO3,Unlined,10.57,TRUE
1,1,0.5,175,EC,P2.A,326,TRUE
1,1,0.5,175,EC,P2.B,534,TRUE
1,1,0.5,175,EC,P2.C,443,TRUE
1,1,0.5,175,EC,P1.D,110,TRUE
1,1,0.5,175,EC,P1.E,459,TRUE
1,1,0.5,175,EC,P1.F,2130,TRUE
1,1,0.5,175,EC,M,611,TRUE
1,1,0.5,175,EC,Lined,478.5,TRUE
1,1,0.5,175,EC,Unlined,827.5,TRUE
1,1,0.5,175,P,P2.A,0.66,TRUE
1,1,0.5,175,P,P2.B,0.54,TRUE
1,1,0.5,175,P,P2.C,0.43,TRUE
1,1,0.5,175,P,P1.D,0.43,TRUE
1,1,0.5,175,P,P1.E,0.65,TRUE
1,1,0.5,175,P,P1.F,0.54,TRUE
1,1,0.5,175,P,M,0.55,TRUE
1,1,0.5,175,P,Lined,0.55,TRUE
1,1,0.5,175,P,Unlined,0.54,TRUE
1,1,0.5,175,TC,P2.A,1800000,TRUE
1,1,0.5,175,TC,P2.B,1800000,TRUE
1,1,0.5,175,TC,P2.C,1400000,TRUE
1,1,0.5,175,TC,P1.D,8200000,TRUE
1,1,0.5,175,TC,P1.E,1200000,TRUE
1,1,0.5,175,TC,P1.F,6900000,TRUE
1,1,0.5,175,TC,M,1300000,TRUE
1,1,0.5,175,TC,Lined,1575000,TRUE
1,1,0.5,175,TC,Unlined,4400000,TRUE
1,1.5,0.5,175,pH,P2.A,8.45,TRUE
1,1.5,0.5,175,pH,P2.B,8.55,TRUE
1,1.5,0.5,175,pH,P2.C,8.26,TRUE
1,1.5,0.5,175,pH,P1.D,7.19,TRUE
1,1.5,0.5,175,pH,P1.E,9.11,TRUE
1,1.5,0.5,175,pH,P1.F,8.85,TRUE
1,1.5,0.5,175,pH,M,7.4,TRUE
1,1.5,0.5,175,pH,Lined,8.17,TRUE
1,1.5,0.5,175,pH,Unlined,8.14,TRUE
1,1.5,0.5,175,NH4,P2.A,1,TRUE
1,1.5,0.5,175,NH4,P2.B,0.6,TRUE
1,1.5,0.5,175,NH4,P2.C,0.32,TRUE
1,1.5,0.5,175,NH4,P1.D,1.05,TRUE
1,1.5,0.5,175,NH4,P1.E,1.05,TRUE
1,1.5,0.5,175,NH4,P1.F,1.32,TRUE
1,1.5,0.5,175,NH4,M,1.03,TRUE
1,1.5,0.5,175,NH4,Lined,0.74,TRUE
1,1.5,0.5,175,NH4,Unlined,1.11,TRUE
1,1.5,0.5,175,NO3,P2.A,7.3,TRUE
1,1.5,0.5,175,NO3,P2.B,3.75,TRUE
1,1.5,0.5,175,NO3,P2.C,1.84,TRUE
1,1.5,0.5,175,NO3,P1.D,12.76,TRUE
1,1.5,0.5,175,NO3,P1.E,12.9,TRUE
1,1.5,0.5,175,NO3,P1.F,7.8,TRUE
1,1.5,0.5,175,NO3,M,9.4,TRUE
1,1.5,0.5,175,NO3,Lined,5.57,TRUE
1,1.5,0.5,175,NO3,Unlined,10.72,TRUE
1,1.5,0.5,175,EC,P2.A,251,TRUE
1,1.5,0.5,175,EC,P2.B,235,TRUE
1,1.5,0.5,175,EC,P2.C,815,TRUE
1,1.5,0.5,175,EC,P1.D,311,TRUE
1,1.5,0.5,175,EC,P1.E,246,TRUE
1,1.5,0.5,175,EC,P1.F,392,TRUE
1,1.5,0.5,175,EC,M,869,TRUE
1,1.5,0.5,175,EC,Lined,542.5,TRUE
1,1.5,0.5,175,EC,Unlined,454.5,TRUE
1,1.5,0.5,175,P,P2.A,0.63,TRUE
1,1.5,0.5,175,P,P2.B,0.53,TRUE
1,1.5,0.5,175,P,P2.C,0.33,TRUE
1,1.5,0.5,175,P,P1.D,0.66,TRUE
1,1.5,0.5,175,P,P1.E,0.64,TRUE
1,1.5,0.5,175,P,P1.F,0.54,TRUE
1,1.5,0.5,175,P,M,0.77,TRUE
1,1.5,0.5,175,P,Lined,0.57,TRUE
1,1.5,0.5,175,P,Unlined,0.65,TRUE
1,1.5,0.5,175,TC,P2.A,1700000,TRUE
1,1.5,0.5,175,TC,P2.B,2100000,TRUE
1,1.5,0.5,175,TC,P2.C,3800000,TRUE
1,1.5,0.5,175,TC,P1.D,1400000,TRUE
1,1.5,0.5,175,TC,P1.E,12500000,TRUE
1,1.5,0.5,175,TC,P1.F,8200000,TRUE
1,1.5,0.5,175,TC,M,12300000,TRUE
1,1.5,0.5,175,TC,Lined,4975000,TRUE
1,1.5,0.5,175,TC,Unlined,8600000,TRUE
1,1.5,1,175,pH,P2.A,7.95,TRUE
1,1.5,1,175,pH,P2.B,8.47,TRUE
1,1.5,1,175,pH,P2.C,8.23,TRUE
1,1.5,1,175,pH,P1.D,8.48,TRUE
1,1.5,1,175,pH,P1.E,9,TRUE
1,1.5,1,175,pH,P1.F,7.31,TRUE
1,1.5,1,175,pH,M,NA,TRUE
1,1.5,1,175,pH,Lined,8.22,TRUE
1,1.5,1,175,pH,Unlined,8.26,TRUE
1,1.5,1,175,NH4,P2.A,0.7,TRUE
1,1.5,1,175,NH4,P2.B,1.06,TRUE
1,1.5,1,175,NH4,P2.C,0.98,TRUE
1,1.5,1,175,NH4,P1.D,1.07,TRUE
1,1.5,1,175,NH4,P1.E,1.04,TRUE
1,1.5,1,175,NH4,P1.F,1.22,TRUE
1,1.5,1,175,NH4,M,NA,TRUE
1,1.5,1,175,NH4,Lined,0.91,TRUE
1,1.5,1,175,NH4,Unlined,1.11,TRUE
1,1.5,1,175,NO3,P2.A,7.9,TRUE
1,1.5,1,175,NO3,P2.B,3.16,TRUE
1,1.5,1,175,NO3,P2.C,1.89,TRUE
1,1.5,1,175,NO3,P1.D,12.79,TRUE
1,1.5,1,175,NO3,P1.E,13.8,TRUE
1,1.5,1,175,NO3,P1.F,7.9,TRUE
1,1.5,1,175,NO3,M,NA,TRUE
1,1.5,1,175,NO3,Lined,4.32,TRUE
1,1.5,1,175,NO3,Unlined,11.5,TRUE
1,1.5,1,175,EC,P2.A,513,TRUE
1,1.5,1,175,EC,P2.B,336,TRUE
1,1.5,1,175,EC,P2.C,521,TRUE
1,1.5,1,175,EC,P1.D,527,TRUE
1,1.5,1,175,EC,P1.E,143,TRUE
1,1.5,1,175,EC,P1.F,1687,TRUE
1,1.5,1,175,EC,M,NA,TRUE
1,1.5,1,175,EC,Lined,456.67,TRUE
1,1.5,1,175,EC,Unlined,785.67,TRUE
1,1.5,1,175,P,P2.A,0.54,TRUE
1,1.5,1,175,P,P2.B,0.64,TRUE
1,1.5,1,175,P,P2.C,0.54,TRUE
1,1.5,1,175,P,P1.D,0.54,TRUE
1,1.5,1,175,P,P1.E,0.65,TRUE
1,1.5,1,175,P,P1.F,0.55,TRUE
1,1.5,1,175,P,M,NA,TRUE
1,1.5,1,175,P,Lined,0.57,TRUE
1,1.5,1,175,P,Unlined,0.58,TRUE
1,1.5,1,175,TC,P2.A,7600000,TRUE
1,1.5,1,175,TC,P2.B,0,TRUE
1,1.5,1,175,TC,P2.C,6600000,TRUE
1,1.5,1,175,TC,P1.D,6700000,TRUE
1,1.5,1,175,TC,P1.E,4100000,TRUE
1,1.5,1,175,TC,P1.F,9400000,TRUE
1,1.5,1,175,TC,M,NA,TRUE
1,1.5,1,175,TC,Lined,4733333.33,TRUE
1,1.5,1,175,TC,Unlined,6733333.33,TRUE
1,1,0.5,198,pH,P2.A,8.35,TRUE
1,1,0.5,198,pH,P2.B,9.05,TRUE
1,1,0.5,198,pH,P2.C,8.48,TRUE
1,1,0.5,198,pH,P1.D,8.11,TRUE
1,1,0.5,198,pH,P1.E,8.13,TRUE
1,1,0.5,198,pH,P1.F,8.41,TRUE
1,1,0.5,198,pH,M,8.54,TRUE
1,1,0.5,198,pH,Lined,8.61,TRUE
1,1,0.5,198,pH,Unlined,8.3,TRUE
1,1,0.5,198,NH4,P2.A,NA,TRUE
1,1,0.5,198,NH4,P2.B,NA,TRUE
1,1,0.5,198,NH4,P2.C,NA,TRUE
1,1,0.5,198,NH4,P1.D,NA,TRUE
1,1,0.5,198,NH4,P1.E,NA,TRUE
1,1,0.5,198,NH4,P1.F,NA,TRUE
1,1,0.5,198,NH4,M,NA,TRUE
1,1,0.5,198,NH4,Lined,NA,TRUE
1,1,0.5,198,NH4,Unlined,NA,TRUE
1,1,0.5,198,NO3,P2.A,15,TRUE
1,1,0.5,198,NO3,P2.B,19.4,TRUE
1,1,0.5,198,NO3,P2.C,9,TRUE
1,1,0.5,198,NO3,P1.D,27.4,TRUE
1,1,0.5,198,NO3,P1.E,17.3,TRUE
1,1,0.5,198,NO3,P1.F,23.3,TRUE
1,1,0.5,198,NO3,M,15.2,TRUE
1,1,0.5,198,NO3,Lined,14.65,TRUE
1,1,0.5,198,NO3,Unlined,20.8,TRUE
1,1,0.5,198,EC,P2.A,805,TRUE
1,1,0.5,198,EC,P2.B,380,TRUE
1,1,0.5,198,EC,P2.C,873,TRUE
1,1,0.5,198,EC,P1.D,1235,TRUE
1,1,0.5,198,EC,P1.E,1049,TRUE
1,1,0.5,198,EC,P1.F,1017,TRUE
1,1,0.5,198,EC,M,629,TRUE
1,1,0.5,198,EC,Lined,671.75,TRUE
1,1,0.5,198,EC,Unlined,982.5,TRUE
1,1,0.5,198,P,P2.A,NA,TRUE
1,1,0.5,198,P,P2.B,NA,TRUE
1,1,0.5,198,P,P2.C,NA,TRUE
1,1,0.5,198,P,P1.D,NA,TRUE
1,1,0.5,198,P,P1.E,NA,TRUE
1,1,0.5,198,P,P1.F,NA,TRUE
1,1,0.5,198,P,M,NA,TRUE
1,1,0.5,198,P,Lined,NA,TRUE
1,1,0.5,198,P,Unlined,NA,TRUE
1,1,0.5,198,TC,P2.A,13600000,TRUE
1,1,0.5,198,TC,P2.B,630000,TRUE
1,1,0.5,198,TC,P2.C,860000,TRUE
1,1,0.5,198,TC,P1.D,1800000,TRUE
1,1,0.5,198,TC,P1.E,1100000,TRUE
1,1,0.5,198,TC,P1.F,1200000,TRUE
1,1,0.5,198,TC,M,360000,TRUE
1,1,0.5,198,TC,Lined,3862500,TRUE
1,1,0.5,198,TC,Unlined,1115000,TRUE
1,1.5,0.5,198,pH,P2.A,8.93,TRUE
1,1.5,0.5,198,pH,P2.B,8.95,TRUE
1,1.5,0.5,198,pH,P2.C,8.61,TRUE
1,1.5,0.5,198,pH,P1.D,8.49,TRUE
1,1.5,0.5,198,pH,P1.E,8.91,TRUE
1,1.5,0.5,198,pH,P1.F,9.04,TRUE
1,1.5,0.5,198,pH,M,8.67,TRUE
1,1.5,0.5,198,pH,Lined,8.79,TRUE
1,1.5,0.5,198,pH,Unlined,8.78,TRUE
1,1.5,0.5,198,NH4,P2.A,NA,TRUE
1,1.5,0.5,198,NH4,P2.B,NA,TRUE
1,1.5,0.5,198,NH4,P2.C,NA,TRUE
1,1.5,0.5,198,NH4,P1.D,NA,TRUE
1,1.5,0.5,198,NH4,P1.E,NA,TRUE
1,1.5,0.5,198,NH4,P1.F,NA,TRUE
1,1.5,0.5,198,NH4,M,NA,TRUE
1,1.5,0.5,198,NH4,Lined,NA,TRUE
1,1.5,0.5,198,NH4,Unlined,NA,TRUE
1,1.5,0.5,198,NO3,P2.A,12.8,TRUE
1,1.5,0.5,198,NO3,P2.B,9.3,TRUE
1,1.5,0.5,198,NO3,P2.C,15.9,TRUE
1,1.5,0.5,198,NO3,P1.D,15.7,TRUE
1,1.5,0.5,198,NO3,P1.E,6.9,TRUE
1,1.5,0.5,198,NO3,P1.F,0.3,TRUE
1,1.5,0.5,198,NO3,M,4.2,TRUE
1,1.5,0.5,198,NO3,Lined,10.55,TRUE
1,1.5,0.5,198,NO3,Unlined,6.78,TRUE
1,1.5,0.5,198,EC,P2.A,297,TRUE
1,1.5,0.5,198,EC,P2.B,277,TRUE
1,1.5,0.5,198,EC,P2.C,519,TRUE
1,1.5,0.5,198,EC,P1.D,355,TRUE
1,1.5,0.5,198,EC,P1.E,419,TRUE
1,1.5,0.5,198,EC,P1.F,275,TRUE
1,1.5,0.5,198,EC,M,447,TRUE
1,1.5,0.5,198,EC,Lined,385,TRUE
1,1.5,0.5,198,EC,Unlined,374,TRUE
1,1.5,0.5,198,P,P2.A,NA,TRUE
1,1.5,0.5,198,P,P2.B,NA,TRUE
1,1.5,0.5,198,P,P2.C,NA,TRUE
1,1.5,0.5,198,P,P1.D,NA,TRUE
1,1.5,0.5,198,P,P1.E,NA,TRUE
1,1.5,0.5,198,P,P1.F,NA,TRUE
1,1.5,0.5,198,P,M,NA,TRUE
1,1.5,0.5,198,P,Lined,NA,TRUE
1,1.5,0.5,198,P,Unlined,NA,TRUE
1,1.5,0.5,198,TC,P2.A,210000,TRUE
1,1.5,0.5,198,TC,P2.B,560000,TRUE
1,1.5,0.5,198,TC,P2.C,1400000,TRUE
1,1.5,0.5,198,TC,P1.D,1700000,TRUE
1,1.5,0.5,198,TC,P1.E,2100000,TRUE
1,1.5,0.5,198,TC,P1.F,8200000,TRUE
1,1.5,0.5,198,TC,M,210000,TRUE
1,1.5,0.5,198,TC,Lined,595000,TRUE
1,1.5,0.5,198,TC,Unlined,3052500,TRUE
1,1.5,1,198,pH,P2.A,8.72,TRUE
1,1.5,1,198,pH,P2.B,8.78,TRUE
1,1.5,1,198,pH,P2.C,8.72,TRUE
1,1.5,1,198,pH,P1.D,8.66,TRUE
1,1.5,1,198,pH,P1.E,8.9,TRUE
1,1.5,1,198,pH,P1.F,8.77,TRUE
1,1.5,1,198,pH,M,NA,TRUE
1,1.5,1,198,pH,Lined,8.74,TRUE
1,1.5,1,198,pH,Unlined,8.78,TRUE
1,1.5,1,198,NH4,P2.A,NA,TRUE
1,1.5,1,198,NH4,P2.B,NA,TRUE
1,1.5,1,198,NH4,P2.C,NA,TRUE
1,1.5,1,198,NH4,P1.D,NA,TRUE
1,1.5,1,198,NH4,P1.E,NA,TRUE
1,1.5,1,198,NH4,P1.F,NA,TRUE
1,1.5,1,198,NH4,M,NA,TRUE
1,1.5,1,198,NH4,Lined,NA,TRUE
1,1.5,1,198,NH4,Unlined,NA,TRUE
1,1.5,1,198,NO3,P2.A,22.8,TRUE
1,1.5,1,198,NO3,P2.B,2.2,TRUE
1,1.5,1,198,NO3,P2.C,11.3,TRUE
1,1.5,1,198,NO3,P1.D,12.4,TRUE
1,1.5,1,198,NO3,P1.E,15.9,TRUE
1,1.5,1,198,NO3,P1.F,20.7,TRUE
1,1.5,1,198,NO3,M,NA,TRUE
1,1.5,1,198,NO3,Lined,12.1,TRUE
1,1.5,1,198,NO3,Unlined,16.33,TRUE
1,1.5,1,198,EC,P2.A,467,TRUE
1,1.5,1,198,EC,P2.B,509,TRUE
1,1.5,1,198,EC,P2.C,468,TRUE
1,1.5,1,198,EC,P1.D,469,TRUE
1,1.5,1,198,EC,P1.E,345,TRUE
1,1.5,1,198,EC,P1.F,492,TRUE
1,1.5,1,198,EC,M,NA,TRUE
1,1.5,1,198,EC,Lined,481.33,TRUE
1,1.5,1,198,EC,Unlined,435.33,TRUE
1,1.5,1,198,P,P2.A,NA,TRUE
1,1.5,1,198,P,P2.B,NA,TRUE
1,1.5,1,198,P,P2.C,NA,TRUE
1,1.5,1,198,P,P1.D,NA,TRUE
1,1.5,1,198,P,P1.E,NA,TRUE
1,1.5,1,198,P,P1.F,NA,TRUE
1,1.5,1,198,P,M,NA,TRUE
1,1.5,1,198,P,Lined,NA,TRUE
1,1.5,1,198,P,Unlined,NA,TRUE
1,1.5,1,198,TC,P2.A,690000,TRUE
1,1.5,1,198,TC,P2.B,1390000,TRUE
1,1.5,1,198,TC,P2.C,670000,TRUE
1,1.5,1,198,TC,P1.D,1100000,TRUE
1,1.5,1,198,TC,P1.E,300000,TRUE
1,1.5,1,198,TC,P1.F,1700000,TRUE
1,1.5,1,198,TC,M,NA,TRUE
1,1.5,1,198,TC,Lined,916666.67,TRUE
1,1.5,1,198,TC,Unlined,1033333.33,TRUE
1,1,0.5,231,pH,P2.A,8.55,TRUE
1,1,0.5,231,pH,P2.B,8.87,TRUE
1,1,0.5,231,pH,P2.C,8.38,TRUE
1,1,0.5,231,pH,P1.D,8.57,TRUE
1,1,0.5,231,pH,P1.E,8.44,TRUE
1,1,0.5,231,pH,P1.F,8.33,TRUE
1,1,0.5,231,pH,M,8.33,TRUE
1,1,0.5,231,pH,Lined,8.53,TRUE
1,1,0.5,231,pH,Unlined,8.42,TRUE
1,1,0.5,231,NH4,P2.A,NA,TRUE
1,1,0.5,231,NH4,P2.B,NA,TRUE
1,1,0.5,231,NH4,P2.C,NA,TRUE
1,1,0.5,231,NH4,P1.D,NA,TRUE
1,1,0.5,231,NH4,P1.E,NA,TRUE
1,1,0.5,231,NH4,P1.F,NA,TRUE
1,1,0.5,231,NH4,M,NA,TRUE
1,1,0.5,231,NH4,Lined,NA,TRUE
1,1,0.5,231,NH4,Unlined,NA,TRUE
1,1,0.5,231,NO3,P2.A,27.4,TRUE
1,1,0.5,231,NO3,P2.B,27.3,TRUE
1,1,0.5,231,NO3,P2.C,21,TRUE
1,1,0.5,231,NO3,P1.D,24.6,TRUE
1,1,0.5,231,NO3,P1.E,20,TRUE
1,1,0.5,231,NO3,P1.F,34.8,TRUE
1,1,0.5,231,NO3,M,29.3,TRUE
1,1,0.5,231,NO3,Lined,26.25,TRUE
1,1,0.5,231,NO3,Unlined,27.18,TRUE
1,1,0.5,231,EC,P2.A,335,TRUE
1,1,0.5,231,EC,P2.B,271,TRUE
1,1,0.5,231,EC,P2.C,494,TRUE
1,1,0.5,231,EC,P1.D,708,TRUE
1,1,0.5,231,EC,P1.E,482,TRUE
1,1,0.5,231,EC,P1.F,472,TRUE
1,1,0.5,231,EC,M,331,TRUE
1,1,0.5,231,EC,Lined,357.75,TRUE
1,1,0.5,231,EC,Unlined,498.25,TRUE
1,1,0.5,231,P,P2.A,NA,TRUE
1,1,0.5,231,P,P2.B,NA,TRUE
1,1,0.5,231,P,P2.C,NA,TRUE
1,1,0.5,231,P,P1.D,NA,TRUE
1,1,0.5,231,P,P1.E,NA,TRUE
1,1,0.5,231,P,P1.F,NA,TRUE
1,1,0.5,231,P,M,NA,TRUE
1,1,0.5,231,P,Lined,NA,TRUE
1,1,0.5,231,P,Unlined,NA,TRUE
1,1,0.5,231,TC,P2.A,2600000,TRUE
1,1,0.5,231,TC,P2.B,1400000,TRUE
1,1,0.5,231,TC,P2.C,2000000,TRUE
1,1,0.5,231,TC,P1.D,2200000,TRUE
1,1,0.5,231,TC,P1.E,1400000,TRUE
1,1,0.5,231,TC,P1.F,1200000,TRUE
1,1,0.5,231,TC,M,1300000,TRUE
1,1,0.5,231,TC,Lined,1825000,TRUE
1,1,0.5,231,TC,Unlined,1525000,TRUE
1,1.5,0.5,231,pH,P2.A,8.44,TRUE
1,1.5,0.5,231,pH,P2.B,8.49,TRUE
1,1.5,0.5,231,pH,P2.C,8.4,TRUE
1,1.5,0.5,231,pH,P1.D,8.54,TRUE
1,1.5,0.5,231,pH,P1.E,8.63,TRUE
1,1.5,0.5,231,pH,P1.F,8.39,TRUE
1,1.5,0.5,231,pH,M,8.47,TRUE
1,1.5,0.5,231,pH,Lined,8.45,TRUE
1,1.5,0.5,231,pH,Unlined,8.51,TRUE
1,1.5,0.5,231,NH4,P2.A,NA,TRUE
1,1.5,0.5,231,NH4,P2.B,NA,TRUE
1,1.5,0.5,231,NH4,P2.C,NA,TRUE
1,1.5,0.5,231,NH4,P1.D,NA,TRUE
1,1.5,0.5,231,NH4,P1.E,NA,TRUE
1,1.5,0.5,231,NH4,P1.F,NA,TRUE
1,1.5,0.5,231,NH4,M,NA,TRUE
1,1.5,0.5,231,NH4,Lined,NA,TRUE
1,1.5,0.5,231,NH4,Unlined,NA,TRUE
1,1.5,0.5,231,NO3,P2.A,28.4,TRUE
1,1.5,0.5,231,NO3,P2.B,14.3,TRUE
1,1.5,0.5,231,NO3,P2.C,20.2,TRUE
1,1.5,0.5,231,NO3,P1.D,19.2,TRUE
1,1.5,0.5,231,NO3,P1.E,19.3,TRUE
1,1.5,0.5,231,NO3,P1.F,30.5,TRUE
1,1.5,0.5,231,NO3,M,30.5,TRUE
1,1.5,0.5,231,NO3,Lined,23.35,TRUE
1,1.5,0.5,231,NO3,Unlined,24.88,TRUE
1,1.5,0.5,231,EC,P2.A,370,TRUE
1,1.5,0.5,231,EC,P2.B,273,TRUE
1,1.5,0.5,231,EC,P2.C,376,TRUE
1,1.5,0.5,231,EC,P1.D,388,TRUE
1,1.5,0.5,231,EC,P1.E,256,TRUE
1,1.5,0.5,231,EC,P1.F,410,TRUE
1,1.5,0.5,231,EC,M,247,TRUE
1,1.5,0.5,231,EC,Lined,316.5,TRUE
1,1.5,0.5,231,EC,Unlined,325.25,TRUE
1,1.5,0.5,231,P,P2.A,NA,TRUE
1,1.5,0.5,231,P,P2.B,NA,TRUE
1,1.5,0.5,231,P,P2.C,NA,TRUE
1,1.5,0.5,231,P,P1.D,NA,TRUE
1,1.5,0.5,231,P,P1.E,NA,TRUE
1,1.5,0.5,231,P,P1.F,NA,TRUE
1,1.5,0.5,231,P,M,NA,TRUE
1,1.5,0.5,231,P,Lined,NA,TRUE
1,1.5,0.5,231,P,Unlined,NA,TRUE
1,1.5,0.5,231,TC,P2.A,2600000,TRUE
1,1.5,0.5,231,TC,P2.B,2400000,TRUE
1,1.5,0.5,231,TC,P2.C,2300000,TRUE
1,1.5,0.5,231,TC,P1.D,1200000,TRUE
1,1.5,0.5,231,TC,P1.E,2400000,TRUE
1,1.5,0.5,231,TC,P1.F,21000000,TRUE
1,1.5,0.5,231,TC,M,110000,TRUE
1,1.5,0.5,231,TC,Lined,1852500,TRUE
1,1.5,0.5,231,TC,Unlined,6177500,TRUE
1,1.5,1,231,pH,P2.A,8.84,TRUE
1,1.5,1,231,pH,P2.B,8.7,TRUE
1,1.5,1,231,pH,P2.C,8.67,TRUE
1,1.5,1,231,pH,P1.D,8.16,TRUE
1,1.5,1,231,pH,P1.E,8.29,TRUE
1,1.5,1,231,pH,P1.F,8.23,TRUE
1,1.5,1,231,pH,M,NA,TRUE
1,1.5,1,231,pH,Lined,8.74,TRUE
1,1.5,1,231,pH,Unlined,8.23,TRUE
1,1.5,1,231,NH4,P2.A,NA,TRUE
1,1.5,1,231,NH4,P2.B,NA,TRUE
1,1.5,1,231,NH4,P2.C,NA,TRUE
1,1.5,1,231,NH4,P1.D,NA,TRUE
1,1.5,1,231,NH4,P1.E,NA,TRUE
1,1.5,1,231,NH4,P1.F,NA,TRUE
1,1.5,1,231,NH4,M,NA,TRUE
1,1.5,1,231,NH4,Lined,NA,TRUE
1,1.5,1,231,NH4,Unlined,NA,TRUE
1,1.5,1,231,NO3,P2.A,15.4,TRUE
1,1.5,1,231,NO3,P2.B,29.8,TRUE
1,1.5,1,231,NO3,P2.C,19.2,TRUE
1,1.5,1,231,NO3,P1.D,22,TRUE
1,1.5,1,231,NO3,P1.E,31.8,TRUE
1,1.5,1,231,NO3,P1.F,40.9,TRUE
1,1.5,1,231,NO3,M,NA,TRUE
1,1.5,1,231,NO3,Lined,21.47,TRUE
1,1.5,1,231,NO3,Unlined,31.57,TRUE
1,1.5,1,231,EC,P2.A,755,TRUE
1,1.5,1,231,EC,P2.B,315,TRUE
1,1.5,1,231,EC,P2.C,299,TRUE
1,1.5,1,231,EC,P1.D,587,TRUE
1,1.5,1,231,EC,P1.E,555,TRUE
1,1.5,1,231,EC,P1.F,476,TRUE
1,1.5,1,231,EC,M,NA,TRUE
1,1.5,1,231,EC,Lined,456.33,TRUE
1,1.5,1,231,EC,Unlined,539.33,TRUE
1,1.5,1,231,P,P2.A,NA,TRUE
1,1.5,1,231,P,P2.B,NA,TRUE
1,1.5,1,231,P,P2.C,NA,TRUE
1,1.5,1,231,P,P1.D,NA,TRUE
1,1.5,1,231,P,P1.E,NA,TRUE
1,1.5,1,231,P,P1.F,NA,TRUE
1,1.5,1,231,P,M,NA,TRUE
1,1.5,1,231,P,Lined,NA,TRUE
1,1.5,1,231,P,Unlined,NA,TRUE
1,1.5,1,231,TC,P2.A,2500000,TRUE
1,1.5,1,231,TC,P2.B,2400000,TRUE
1,1.5,1,231,TC,P2.C,2600000,TRUE
1,1.5,1,231,TC,P1.D,2300000,TRUE
1,1.5,1,231,TC,P1.E,2000000,TRUE
1,1.5,1,231,TC,P1.F,2100000,TRUE
1,1.5,1,231,TC,M,NA,TRUE
1,1.5,1,231,TC,Lined,2500000,TRUE
1,1.5,1,231,TC,Unlined,2133333.33,TRUE
1,1,0.5,259,pH,P2.A,8.42,TRUE
1,1,0.5,259,pH,P2.B,8.86,TRUE
1,1,0.5,259,pH,P2.C,8.18,TRUE
1,1,0.5,259,pH,P1.D,7.97,TRUE
1,1,0.5,259,pH,P1.E,8.41,TRUE
1,1,0.5,259,pH,P1.F,8.5,TRUE
1,1,0.5,259,pH,M,8.55,TRUE
1,1,0.5,259,pH,Lined,8.5,TRUE
1,1,0.5,259,pH,Unlined,8.36,TRUE
1,1,0.5,259,NH4,P2.A,0.98,TRUE
1,1,0.5,259,NH4,P2.B,1.88,TRUE
1,1,0.5,259,NH4,P2.C,2.11,TRUE
1,1,0.5,259,NH4,P1.D,2.1,TRUE
1,1,0.5,259,NH4,P1.E,2.28,TRUE
1,1,0.5,259,NH4,P1.F,2.16,TRUE
1,1,0.5,259,NH4,M,2.24,TRUE
1,1,0.5,259,NH4,Lined,1.8,TRUE
1,1,0.5,259,NH4,Unlined,2.2,TRUE
1,1,0.5,259,NO3,P2.A,23,TRUE
1,1,0.5,259,NO3,P2.B,33.7,TRUE
1,1,0.5,259,NO3,P2.C,37.8,TRUE
1,1,0.5,259,NO3,P1.D,25,TRUE
1,1,0.5,259,NO3,P1.E,32,TRUE
1,1,0.5,259,NO3,P1.F,27.6,TRUE
1,1,0.5,259,NO3,M,15,TRUE
1,1,0.5,259,NO3,Lined,27.38,TRUE
1,1,0.5,259,NO3,Unlined,24.9,TRUE
1,1,0.5,259,EC,P2.A,531,TRUE
1,1,0.5,259,EC,P2.B,417,TRUE
1,1,0.5,259,EC,P2.C,604,TRUE
1,1,0.5,259,EC,P1.D,861,TRUE
1,1,0.5,259,EC,P1.E,375,TRUE
1,1,0.5,259,EC,P1.F,631,TRUE
1,1,0.5,259,EC,M,637,TRUE
1,1,0.5,259,EC,Lined,547.25,TRUE
1,1,0.5,259,EC,Unlined,626,TRUE
1,1,0.5,259,P,P2.A,0.53,TRUE
1,1,0.5,259,P,P2.B,0.3,TRUE
1,1,0.5,259,P,P2.C,0.77,TRUE
1,1,0.5,259,P,P1.D,0.76,TRUE
1,1,0.5,259,P,P1.E,0.9,TRUE
1,1,0.5,259,P,P1.F,0.9,TRUE
1,1,0.5,259,P,M,0.76,TRUE
1,1,0.5,259,P,Lined,0.59,TRUE
1,1,0.5,259,P,Unlined,0.83,TRUE
1,1,0.5,259,TC,P2.A,300000,TRUE
1,1,0.5,259,TC,P2.B,330000,TRUE
1,1,0.5,259,TC,P2.C,2200000,TRUE
1,1,0.5,259,TC,P1.D,2500000,TRUE
1,1,0.5,259,TC,P1.E,500000,TRUE
1,1,0.5,259,TC,P1.F,2900000,TRUE
1,1,0.5,259,TC,M,29600000,TRUE
1,1,0.5,259,TC,Lined,8107500,TRUE
1,1,0.5,259,TC,Unlined,8875000,TRUE
1,1.5,0.5,259,pH,P2.A,8.25,TRUE
1,1.5,0.5,259,pH,P2.B,8.59,TRUE
1,1.5,0.5,259,pH,P2.C,7.63,TRUE
1,1.5,0.5,259,pH,P1.D,8.31,TRUE
1,1.5,0.5,259,pH,P1.E,8.82,TRUE
1,1.5,0.5,259,pH,P1.F,8.49,TRUE
1,1.5,0.5,259,pH,M,8.56,TRUE
1,1.5,0.5,259,pH,Lined,8.26,TRUE
1,1.5,0.5,259,pH,Unlined,8.55,TRUE
1,1.5,0.5,259,NH4,P2.A,1.1,TRUE
1,1.5,0.5,259,NH4,P2.B,1.44,TRUE
1,1.5,0.5,259,NH4,P2.C,1.88,TRUE
1,1.5,0.5,259,NH4,P1.D,2.03,TRUE
1,1.5,0.5,259,NH4,P1.E,2.26,TRUE
1,1.5,0.5,259,NH4,P1.F,2.17,TRUE
1,1.5,0.5,259,NH4,M,2.25,TRUE
1,1.5,0.5,259,NH4,Lined,1.67,TRUE
1,1.5,0.5,259,NH4,Unlined,2.18,TRUE
1,1.5,0.5,259,NO3,P2.A,25.6,TRUE
1,1.5,0.5,259,NO3,P2.B,36.6,TRUE
1,1.5,0.5,259,NO3,P2.C,34.1,TRUE
1,1.5,0.5,259,NO3,P1.D,24,TRUE
1,1.5,0.5,259,NO3,P1.E,26.4,TRUE
1,1.5,0.5,259,NO3,P1.F,31,TRUE
1,1.5,0.5,259,NO3,M,10.5,TRUE
1,1.5,0.5,259,NO3,Lined,26.7,TRUE
1,1.5,0.5,259,NO3,Unlined,22.98,TRUE
1,1.5,0.5,259,EC,P2.A,698,TRUE
1,1.5,0.5,259,EC,P2.B,374,TRUE
1,1.5,0.5,259,EC,P2.C,646,TRUE
1,1.5,0.5,259,EC,P1.D,460,TRUE
1,1.5,0.5,259,EC,P1.E,237,TRUE
1,1.5,0.5,259,EC,P1.F,1270,TRUE
1,1.5,0.5,259,EC,M,491,TRUE
1,1.5,0.5,259,EC,Lined,552.25,TRUE
1,1.5,0.5,259,EC,Unlined,614.5,TRUE
1,1.5,0.5,259,P,P2.A,0.66,TRUE
1,1.5,0.5,259,P,P2.B,0.6,TRUE
1,1.5,0.5,259,P,P2.C,0.77,TRUE
1,1.5,0.5,259,P,P1.D,0.84,TRUE
1,1.5,0.5,259,P,P1.E,0.78,TRUE
1,1.5,0.5,259,P,P1.F,0.78,TRUE
1,1.5,0.5,259,P,M,0.92,TRUE
1,1.5,0.5,259,P,Lined,0.74,TRUE
1,1.5,0.5,259,P,Unlined,0.83,TRUE
1,1.5,0.5,259,TC,P2.A,3000000,TRUE
1,1.5,0.5,259,TC,P2.B,2000000,TRUE
1,1.5,0.5,259,TC,P2.C,560000,TRUE
1,1.5,0.5,259,TC,P1.D,2040000,TRUE
1,1.5,0.5,259,TC,P1.E,260000,TRUE
1,1.5,0.5,259,TC,P1.F,2200000,TRUE
1,1.5,0.5,259,TC,M,2980000,TRUE
1,1.5,0.5,259,TC,Lined,2135000,TRUE
1,1.5,0.5,259,TC,Unlined,1870000,TRUE
1,1.5,1,259,pH,P2.A,8.54,TRUE
1,1.5,1,259,pH,P2.B,8.5,TRUE
1,1.5,1,259,pH,P2.C,8.43,TRUE
1,1.5,1,259,pH,P1.D,8.38,TRUE
1,1.5,1,259,pH,P1.E,8.48,TRUE
1,1.5,1,259,pH,P1.F,8.67,TRUE
1,1.5,1,259,pH,M,NA,TRUE
1,1.5,1,259,pH,Lined,8.49,TRUE
1,1.5,1,259,pH,Unlined,8.51,TRUE
1,1.5,1,259,NH4,P2.A,0.54,TRUE
1,1.5,1,259,NH4,P2.B,0.96,TRUE
1,1.5,1,259,NH4,P2.C,1.7,TRUE
1,1.5,1,259,NH4,P1.D,2.02,TRUE
1,1.5,1,259,NH4,P1.E,1.78,TRUE
1,1.5,1,259,NH4,P1.F,2.18,TRUE
1,1.5,1,259,NH4,M,NA,TRUE
1,1.5,1,259,NH4,Lined,1.07,TRUE
1,1.5,1,259,NH4,Unlined,1.99,TRUE
1,1.5,1,259,NO3,P2.A,18.6,TRUE
1,1.5,1,259,NO3,P2.B,21.1,TRUE
1,1.5,1,259,NO3,P2.C,29.6,TRUE
1,1.5,1,259,NO3,P1.D,31.2,TRUE
1,1.5,1,259,NO3,P1.E,23,TRUE
1,1.5,1,259,NO3,P1.F,19.4,TRUE
1,1.5,1,259,NO3,M,NA,TRUE
1,1.5,1,259,NO3,Lined,23.1,TRUE
1,1.5,1,259,NO3,Unlined,24.53,TRUE
1,1.5,1,259,EC,P2.A,524,TRUE
1,1.5,1,259,EC,P2.B,413,TRUE
1,1.5,1,259,EC,P2.C,520,TRUE
1,1.5,1,259,EC,P1.D,387,TRUE
1,1.5,1,259,EC,P1.E,533,TRUE
1,1.5,1,259,EC,P1.F,594,TRUE
1,1.5,1,259,EC,M,NA,TRUE
1,1.5,1,259,EC,Lined,485.67,TRUE
1,1.5,1,259,EC,Unlined,504.67,TRUE
1,1.5,1,259,P,P2.A,0.52,TRUE
1,1.5,1,259,P,P2.B,0.14,TRUE
1,1.5,1,259,P,P2.C,0.87,TRUE
1,1.5,1,259,P,P1.D,0.7,TRUE
1,1.5,1,259,P,P1.E,0.8,TRUE
1,1.5,1,259,P,P1.F,0.76,TRUE
1,1.5,1,259,P,M,NA,TRUE
1,1.5,1,259,P,Lined,0.51,TRUE
1,1.5,1,259,P,Unlined,0.75,TRUE
1,1.5,1,259,TC,P2.A,5000000,TRUE
1,1.5,1,259,TC,P2.B,1500000,TRUE
1,1.5,1,259,TC,P2.C,1600000,TRUE
1,1.5,1,259,TC,P1.D,2000000,TRUE
1,1.5,1,259,TC,P1.E,23000000,TRUE
1,1.5,1,259,TC,P1.F,5700000,TRUE
1,1.5,1,259,TC,M,NA,TRUE
1,1.5,1,259,TC,Lined,2700000,TRUE
1,1.5,1,259,TC,Unlined,10233333.33,TRUE
1,1,0.5,322,pH,P2.A,8.45,TRUE
1,1,0.5,322,pH,P2.B,8.88,TRUE
1,1,0.5,322,pH,P2.C,9.4,TRUE
1,1,0.5,322,pH,P1.D,8.9,TRUE
1,1,0.5,322,pH,P1.E,9.49,TRUE
1,1,0.5,322,pH,P1.F,8.66,TRUE
1,1,0.5,322,pH,M,9.59,TRUE
1,1,0.5,322,pH,Lined,9.08,TRUE
1,1,0.5,322,pH,Unlined,9.16,TRUE
1,1,0.5,322,NH4,P2.A,NA,TRUE
1,1,0.5,322,NH4,P2.B,NA,TRUE
1,1,0.5,322,NH4,P2.C,NA,TRUE
1,1,0.5,322,NH4,P1.D,NA,TRUE
1,1,0.5,322,NH4,P1.E,NA,TRUE
1,1,0.5,322,NH4,P1.F,NA,TRUE
1,1,0.5,322,NH4,M,NA,TRUE
1,1,0.5,322,NH4,Lined,NA,TRUE
1,1,0.5,322,NH4,Unlined,NA,TRUE
1,1,0.5,322,NO3,P2.A,13.8,TRUE
1,1,0.5,322,NO3,P2.B,13.7,TRUE
1,1,0.5,322,NO3,P2.C,6,TRUE
1,1,0.5,322,NO3,P1.D,17.4,TRUE
1,1,0.5,322,NO3,P1.E,18.6,TRUE
1,1,0.5,322,NO3,P1.F,15.4,TRUE
1,1,0.5,322,NO3,M,18.6,TRUE
1,1,0.5,322,NO3,Lined,13.03,TRUE
1,1,0.5,322,NO3,Unlined,17.5,TRUE
1,1,0.5,322,EC,P2.A,183,TRUE
1,1,0.5,322,EC,P2.B,212,TRUE
1,1,0.5,322,EC,P2.C,207,TRUE
1,1,0.5,322,EC,P1.D,616,TRUE
1,1,0.5,322,EC,P1.E,329,TRUE
1,1,0.5,322,EC,P1.F,219,TRUE
1,1,0.5,322,EC,M,217,TRUE
1,1,0.5,322,EC,Lined,204.75,TRUE
1,1,0.5,322,EC,Unlined,345.25,TRUE
1,1,0.5,322,P,P2.A,NA,TRUE
1,1,0.5,322,P,P2.B,NA,TRUE
1,1,0.5,322,P,P2.C,NA,TRUE
1,1,0.5,322,P,P1.D,NA,TRUE
1,1,0.5,322,P,P1.E,NA,TRUE
1,1,0.5,322,P,P1.F,NA,TRUE
1,1,0.5,322,P,M,NA,TRUE
1,1,0.5,322,P,Lined,NA,TRUE
1,1,0.5,322,P,Unlined,NA,TRUE
1,1,0.5,322,TC,P2.A,5000000,TRUE
1,1,0.5,322,TC,P2.B,6600000,TRUE
1,1,0.5,322,TC,P2.C,4900000,TRUE
1,1,0.5,322,TC,P1.D,7600000,TRUE
1,1,0.5,322,TC,P1.E,4600000,TRUE
1,1,0.5,322,TC,P1.F,8700000,TRUE
1,1,0.5,322,TC,M,14500000,TRUE
1,1,0.5,322,TC,Lined,7750000,TRUE
1,1,0.5,322,TC,Unlined,8850000,TRUE
1,1.5,0.5,322,pH,P2.A,9.64,TRUE
1,1.5,0.5,322,pH,P2.B,9.7,TRUE
1,1.5,0.5,322,pH,P2.C,9.48,TRUE
1,1.5,0.5,322,pH,P1.D,9.6,TRUE
1,1.5,0.5,322,pH,P1.E,9.01,TRUE
1,1.5,0.5,322,pH,P1.F,9.33,TRUE
1,1.5,0.5,322,pH,M,9.41,TRUE
1,1.5,0.5,322,pH,Lined,9.56,TRUE
1,1.5,0.5,322,pH,Unlined,9.34,TRUE
1,1.5,0.5,322,NH4,P2.A,NA,TRUE
1,1.5,0.5,322,NH4,P2.B,NA,TRUE
1,1.5,0.5,322,NH4,P2.C,NA,TRUE
1,1.5,0.5,322,NH4,P1.D,NA,TRUE
1,1.5,0.5,322,NH4,P1.E,NA,TRUE
1,1.5,0.5,322,NH4,P1.F,NA,TRUE
1,1.5,0.5,322,NH4,M,NA,TRUE
1,1.5,0.5,322,NH4,Lined,NA,TRUE
1,1.5,0.5,322,NH4,Unlined,NA,TRUE
1,1.5,0.5,322,NO3,P2.A,9.7,TRUE
1,1.5,0.5,322,NO3,P2.B,9.4,TRUE
1,1.5,0.5,322,NO3,P2.C,6.9,TRUE
1,1.5,0.5,322,NO3,P1.D,18.8,TRUE
1,1.5,0.5,322,NO3,P1.E,14.4,TRUE
1,1.5,0.5,322,NO3,P1.F,19.1,TRUE
1,1.5,0.5,322,NO3,M,21.8,TRUE
1,1.5,0.5,322,NO3,Lined,11.95,TRUE
1,1.5,0.5,322,NO3,Unlined,18.53,TRUE
1,1.5,0.5,322,EC,P2.A,140,TRUE
1,1.5,0.5,322,EC,P2.B,136,TRUE
1,1.5,0.5,322,EC,P2.C,179,TRUE
1,1.5,0.5,322,EC,P1.D,420,TRUE
1,1.5,0.5,322,EC,P1.E,187,TRUE
1,1.5,0.5,322,EC,P1.F,296,TRUE
1,1.5,0.5,322,EC,M,203,TRUE
1,1.5,0.5,322,EC,Lined,164.5,TRUE
1,1.5,0.5,322,EC,Unlined,276.5,TRUE
1,1.5,0.5,322,P,P2.A,NA,TRUE
1,1.5,0.5,322,P,P2.B,NA,TRUE
1,1.5,0.5,322,P,P2.C,NA,TRUE
1,1.5,0.5,322,P,P1.D,NA,TRUE
1,1.5,0.5,322,P,P1.E,NA,TRUE
1,1.5,0.5,322,P,P1.F,NA,TRUE
1,1.5,0.5,322,P,M,NA,TRUE
1,1.5,0.5,322,P,Lined,NA,TRUE
1,1.5,0.5,322,P,Unlined,NA,TRUE
1,1.5,0.5,322,TC,P2.A,8700000,TRUE
1,1.5,0.5,322,TC,P2.B,5400000,TRUE
1,1.5,0.5,322,TC,P2.C,5200000,TRUE
1,1.5,0.5,322,TC,P1.D,3900000,TRUE
1,1.5,0.5,322,TC,P1.E,8300000,TRUE
1,1.5,0.5,322,TC,P1.F,29000000,TRUE
1,1.5,0.5,322,TC,M,24000000,TRUE
1,1.5,0.5,322,TC,Lined,10825000,TRUE
1,1.5,0.5,322,TC,Unlined,16300000,TRUE
1,1.5,1,322,pH,P2.A,9.2,TRUE
1,1.5,1,322,pH,P2.B,9.66,TRUE
1,1.5,1,322,pH,P2.C,9.59,TRUE
1,1.5,1,322,pH,P1.D,8.39,TRUE
1,1.5,1,322,pH,P1.E,9.35,TRUE
1,1.5,1,322,pH,P1.F,9.57,TRUE
1,1.5,1,322,pH,M,NA,TRUE
1,1.5,1,322,pH,Lined,9.48,TRUE
1,1.5,1,322,pH,Unlined,9.1,TRUE
1,1.5,1,322,NH4,P2.A,NA,TRUE
1,1.5,1,322,NH4,P2.B,NA,TRUE
1,1.5,1,322,NH4,P2.C,NA,TRUE
1,1.5,1,322,NH4,P1.D,NA,TRUE
1,1.5,1,322,NH4,P1.E,NA,TRUE
1,1.5,1,322,NH4,P1.F,NA,TRUE
1,1.5,1,322,NH4,M,NA,TRUE
1,1.5,1,322,NH4,Lined,NA,TRUE
1,1.5,1,322,NH4,Unlined,NA,TRUE
1,1.5,1,322,NO3,P2.A,11.1,TRUE
1,1.5,1,322,NO3,P2.B,12.6,TRUE
1,1.5,1,322,NO3,P2.C,11.6,TRUE
1,1.5,1,322,NO3,P1.D,11.8,TRUE
1,1.5,1,322,NO3,P1.E,17.5,TRUE
1,1.5,1,322,NO3,P1.F,19.2,TRUE
1,1.5,1,322,NO3,M,NA,TRUE
1,1.5,1,322,NO3,Lined,11.77,TRUE
1,1.5,1,322,NO3,Unlined,16.17,TRUE
1,1.5,1,322,EC,P2.A,191,TRUE
1,1.5,1,322,EC,P2.B,170,TRUE
1,1.5,1,322,EC,P2.C,198,TRUE
1,1.5,1,322,EC,P1.D,299,TRUE
1,1.5,1,322,EC,P1.E,442,TRUE
1,1.5,1,322,EC,P1.F,301,TRUE
1,1.5,1,322,EC,M,NA,TRUE
1,1.5,1,322,EC,Lined,186.33,TRUE
1,1.5,1,322,EC,Unlined,347.33,TRUE
1,1.5,1,322,P,P2.A,NA,TRUE
1,1.5,1,322,P,P2.B,NA,TRUE
1,1.5,1,322,P,P2.C,NA,TRUE
1,1.5,1,322,P,P1.D,NA,TRUE
1,1.5,1,322,P,P1.E,NA,TRUE
1,1.5,1,322,P,P1.F,NA,TRUE
1,1.5,1,322,P,M,NA,TRUE
1,1.5,1,322,P,Lined,NA,TRUE
1,1.5,1,322,P,Unlined,NA,TRUE
1,1.5,1,322,TC,P2.A,5900000,TRUE
1,1.5,1,322,TC,P2.B,7500000,TRUE
1,1.5,1,322,TC,P2.C,3900000,TRUE
1,1.5,1,322,TC,P1.D,4800000,TRUE
1,1.5,1,322,TC,P1.E,3300000,TRUE
1,1.5,1,322,TC,P1.F,25500000,TRUE
1,1.5,1,322,TC,M,NA,TRUE
1,1.5,1,322,TC,Lined,5766666.67,TRUE
1,1.5,1,322,TC,Unlined,11200000,TRUE
2,1,1,0,pH,P2.A,8.46,TRUE
2,1,1,0,pH,P2.B,8.46,TRUE
2,1,1,0,pH,P2.C,8.46,TRUE
2,1,1,0,pH,P1.D,8.46,TRUE
2,1,1,0,pH,P1.E,8.46,TRUE
2,1,1,0,pH,P1.F,8.46,TRUE
2,1,1,0,pH,M,NA,TRUE
2,1,1,0,pH,Lined,8.46,TRUE
2,1,1,0,pH,Unlined,8.46,TRUE
2,1,1,0,NH4,P2.A,1.35,TRUE
2,1,1,0,NH4,P2.B,1.35,TRUE
2,1,1,0,NH4,P2.C,1.35,TRUE
2,1,1,0,NH4,P1.D,1.35,TRUE
2,1,1,0,NH4,P1.E,1.35,TRUE
2,1,1,0,NH4,P1.F,1.35,TRUE
2,1,1,0,NH4,M,NA,TRUE
2,1,1,0,NH4,Lined,1.35,TRUE
2,1,1,0,NH4,Unlined,1.35,TRUE
2,1,1,0,NO3,P2.A,2.36,TRUE
2,1,1,0,NO3,P2.B,2.36,TRUE
2,1,1,0,NO3,P2.C,2.36,TRUE
2,1,1,0,NO3,P1.D,2.36,TRUE
2,1,1,0,NO3,P1.E,2.36,TRUE
2,1,1,0,NO3,P1.F,2.36,TRUE
2,1,1,0,NO3,M,NA,TRUE
2,1,1,0,NO3,Lined,2.36,TRUE
2,1,1,0,NO3,Unlined,2.36,TRUE
2,1,1,0,EC,P2.A,314,TRUE
2,1,1,0,EC,P2.B,314,TRUE
2,1,1,0,EC,P2.C,314,TRUE
2,1,1,0,EC,P1.D,314,TRUE
2,1,1,0,EC,P1.E,314,TRUE
2,1,1,0,EC,P1.F,314,TRUE
2,1,1,0,EC,M,NA,TRUE
2,1,1,0,EC,Lined,314,TRUE
2,1,1,0,EC,Unlined,314,TRUE
2,1,1,0,P,P2.A,0.64,TRUE
2,1,1,0,P,P2.B,0.64,TRUE
2,1,1,0,P,P2.C,0.64,TRUE
2,1,1,0,P,P1.D,0.64,TRUE
2,1,1,0,P,P1.E,0.64,TRUE
2,1,1,0,P,P1.F,0.64,TRUE
2,1,1,0,P,M,NA,TRUE
2,1,1,0,P,Lined,0.64,TRUE
2,1,1,0,P,Unlined,0.64,TRUE
2,1,1,0,TC,P2.A,0,TRUE
2,1,1,0,TC,P2.B,0,TRUE
2,1,1,0,TC,P2.C,0,TRUE
2,1,1,0,TC,P1.D,0,TRUE
2,1,1,0,TC,P1.E,0,TRUE
2,1,1,0,TC,P1.F,0,TRUE
2,1,1,0,TC,M,NA,TRUE
2,1,1,0,TC,Lined,0,TRUE
2,1,1,0,TC,Unlined,0,TRUE
2,1,5,0,pH,P2.A,8.2,TRUE
2,1,5,0,pH,P2.B,8.2,TRUE
2,1,5,0,pH,P2.C,8.2,TRUE
2,1,5,0,pH,P1.D,8.2,TRUE
2,1,5,0,pH,P1.E,8.2,TRUE
2,1,5,0,pH,P1.F,8.2,TRUE
2,1,5,0,pH,M,NA,TRUE
2,1,5,0,pH,Lined,8.2,TRUE
2,1,5,0,pH,Unlined,8.2,TRUE
2,1,5,0,NH4,P2.A,0.86,TRUE
2,1,5,0,NH4,P2.B,0.86,TRUE
2,1,5,0,NH4,P2.C,0.86,TRUE
2,1,5,0,NH4,P1.D,0.86,TRUE
2,1,5,0,NH4,P1.E,0.86,TRUE
2,1,5,0,NH4,P1.F,0.86,TRUE
2,1,5,0,NH4,M,NA,TRUE
2,1,5,0,NH4,Lined,0.86,TRUE
2,1,5,0,NH4,Unlined,0.86,TRUE
2,1,5,0,NO3,P2.A,4.06,TRUE
2,1,5,0,NO3,P2.B,4.06,TRUE
2,1,5,0,NO3,P2.C,4.06,TRUE
2,1,5,0,NO3,P1.D,4.06,TRUE
2,1,5,0,NO3,P1.E,4.06,TRUE
2,1,5,0,NO3,P1.F,4.06,TRUE
2,1,5,0,NO3,M,NA,TRUE
2,1,5,0,NO3,Lined,4.06,TRUE
2,1,5,0,NO3,Unlined,4.06,TRUE
2,1,5,0,EC,P2.A,224,TRUE
2,1,5,0,EC,P2.B,224,TRUE
2,1,5,0,EC,P2.C,224,TRUE
2,1,5,0,EC,P1.D,224,TRUE
2,1,5,0,EC,P1.E,224,TRUE
2,1,5,0,EC,P1.F,224,TRUE
2,1,5,0,EC,M,NA,TRUE
2,1,5,0,EC,Lined,224,TRUE
2,1,5,0,EC,Unlined,224,TRUE
2,1,5,0,P,P2.A,0.3,TRUE
2,1,5,0,P,P2.B,0.3,TRUE
2,1,5,0,P,P2.C,0.3,TRUE
2,1,5,0,P,P1.D,0.3,TRUE
2,1,5,0,P,P1.E,0.3,TRUE
2,1,5,0,P,P1.F,0.3,TRUE
2,1,5,0,P,M,NA,TRUE
2,1,5,0,P,Lined,0.3,TRUE
2,1,5,0,P,Unlined,0.3,TRUE
2,1,5,0,TC,P2.A,0,TRUE
2,1,5,0,TC,P2.B,0,TRUE
2,1,5,0,TC,P2.C,0,TRUE
2,1,5,0,TC,P1.D,0,TRUE
2,1,5,0,TC,P1.E,0,TRUE
2,1,5,0,TC,P1.F,0,TRUE
2,1,5,0,TC,M,NA,TRUE
2,1,5,0,TC,Lined,0,TRUE
2,1,5,0,TC,Unlined,0,TRUE
2,1,10,0,pH,P2.A,8.17,TRUE
2,1,10,0,pH,P2.B,8.17,TRUE
2,1,10,0,pH,P2.C,8.17,TRUE
2,1,10,0,pH,P1.D,8.17,TRUE
2,1,10,0,pH,P1.E,8.17,TRUE
2,1,10,0,pH,P1.F,8.17,TRUE
2,1,10,0,pH,M,NA,TRUE
2,1,10,0,pH,Lined,8.17,TRUE
2,1,10,0,pH,Unlined,8.17,TRUE
2,1,10,0,NH4,P2.A,1.16,TRUE
2,1,10,0,NH4,P2.B,1.16,TRUE
2,1,10,0,NH4,P2.C,1.16,TRUE
2,1,10,0,NH4,P1.D,1.16,TRUE
2,1,10,0,NH4,P1.E,1.16,TRUE
2,1,10,0,NH4,P1.F,1.16,TRUE
2,1,10,0,NH4,M,NA,TRUE
2,1,10,0,NH4,Lined,1.16,TRUE
2,1,10,0,NH4,Unlined,1.16,TRUE
2,1,10,0,NO3,P2.A,6.3,TRUE
2,1,10,0,NO3,P2.B,6.3,TRUE
2,1,10,0,NO3,P2.C,6.3,TRUE
2,1,10,0,NO3,P1.D,6.3,TRUE
2,1,10,0,NO3,P1.E,6.3,TRUE
2,1,10,0,NO3,P1.F,6.3,TRUE
2,1,10,0,NO3,M,NA,TRUE
2,1,10,0,NO3,Lined,6.3,TRUE
2,1,10,0,NO3,Unlined,6.3,TRUE
2,1,10,0,EC,P2.A,233,TRUE
2,1,10,0,EC,P2.B,233,TRUE
2,1,10,0,EC,P2.C,233,TRUE
2,1,10,0,EC,P1.D,233,TRUE
2,1,10,0,EC,P1.E,233,TRUE
2,1,10,0,EC,P1.F,233,TRUE
2,1,10,0,EC,M,NA,TRUE
2,1,10,0,EC,Lined,233,TRUE
2,1,10,0,EC,Unlined,233,TRUE
2,1,10,0,P,P2.A,0.34,TRUE
2,1,10,0,P,P2.B,0.34,TRUE
2,1,10,0,P,P2.C,0.34,TRUE
2,1,10,0,P,P1.D,0.34,TRUE
2,1,10,0,P,P1.E,0.34,TRUE
2,1,10,0,P,P1.F,0.34,TRUE
2,1,10,0,P,M,NA,TRUE
2,1,10,0,P,Lined,0.34,TRUE
2,1,10,0,P,Unlined,0.34,TRUE
2,1,10,0,TC,P2.A,22,TRUE
2,1,10,0,TC,P2.B,22,TRUE
2,1,10,0,TC,P2.C,22,TRUE
2,1,10,0,TC,P1.D,22,TRUE
2,1,10,0,TC,P1.E,22,TRUE
2,1,10,0,TC,P1.F,22,TRUE
2,1,10,0,TC,M,NA,TRUE
2,1,10,0,TC,Lined,22,TRUE
2,1,10,0,TC,Unlined,22,TRUE
2,1.5,1,0,pH,P2.A,8.08,TRUE
2,1.5,1,0,pH,P2.B,8.08,TRUE
2,1.5,1,0,pH,P2.C,8.08,TRUE
2,1.5,1,0,pH,P1.D,8.08,TRUE
2,1.5,1,0,pH,P1.E,8.08,TRUE
2,1.5,1,0,pH,P1.F,8.08,TRUE
2,1.5,1,0,pH,M,NA,TRUE
2,1.5,1,0,pH,Lined,8.08,TRUE
2,1.5,1,0,pH,Unlined,8.08,TRUE
2,1.5,1,0,NH4,P2.A,1.51,TRUE
2,1.5,1,0,NH4,P2.B,1.51,TRUE
2,1.5,1,0,NH4,P2.C,1.51,TRUE
2,1.5,1,0,NH4,P1.D,1.51,TRUE
2,1.5,1,0,NH4,P1.E,1.51,TRUE
2,1.5,1,0,NH4,P1.F,1.51,TRUE
2,1.5,1,0,NH4,M,NA,TRUE
2,1.5,1,0,NH4,Lined,1.51,TRUE
2,1.5,1,0,NH4,Unlined,1.51,TRUE
2,1.5,1,0,NO3,P2.A,2.14,TRUE
2,1.5,1,0,NO3,P2.B,2.14,TRUE
2,1.5,1,0,NO3,P2.C,2.14,TRUE
2,1.5,1,0,NO3,P1.D,2.14,TRUE
2,1.5,1,0,NO3,P1.E,2.14,TRUE
2,1.5,1,0,NO3,P1.F,2.14,TRUE
2,1.5,1,0,NO3,M,NA,TRUE
2,1.5,1,0,NO3,Lined,2.14,TRUE
2,1.5,1,0,NO3,Unlined,2.14,TRUE
2,1.5,1,0,EC,P2.A,397,TRUE
2,1.5,1,0,EC,P2.B,397,TRUE
2,1.5,1,0,EC,P2.C,397,TRUE
2,1.5,1,0,EC,P1.D,397,TRUE
2,1.5,1,0,EC,P1.E,397,TRUE
2,1.5,1,0,EC,P1.F,397,TRUE
2,1.5,1,0,EC,M,NA,TRUE
2,1.5,1,0,EC,Lined,397,TRUE
2,1.5,1,0,EC,Unlined,397,TRUE
2,1.5,1,0,P,P2.A,0.4,TRUE
2,1.5,1,0,P,P2.B,0.4,TRUE
2,1.5,1,0,P,P2.C,0.4,TRUE
2,1.5,1,0,P,P1.D,0.4,TRUE
2,1.5,1,0,P,P1.E,0.4,TRUE
2,1.5,1,0,P,P1.F,0.4,TRUE
2,1.5,1,0,P,M,NA,TRUE
2,1.5,1,0,P,Lined,0.4,TRUE
2,1.5,1,0,P,Unlined,0.4,TRUE
2,1.5,1,0,TC,P2.A,0,TRUE
2,1.5,1,0,TC,P2.B,0,TRUE
2,1.5,1,0,TC,P2.C,0,TRUE
2,1.5,1,0,TC,P1.D,0,TRUE
2,1.5,1,0,TC,P1.E,0,TRUE
2,1.5,1,0,TC,P1.F,0,TRUE
2,1.5,1,0,TC,M,NA,TRUE
2,1.5,1,0,TC,Lined,0,TRUE
2,1.5,1,0,TC,Unlined,0,TRUE
2,1.5,5,0,pH,P2.A,8.16,TRUE
2,1.5,5,0,pH,P2.B,8.16,TRUE
2,1.5,5,0,pH,P2.C,8.16,TRUE
2,1.5,5,0,pH,P1.D,8.16,TRUE
2,1.5,5,0,pH,P1.E,8.16,TRUE
2,1.5,5,0,pH,P1.F,8.16,TRUE
2,1.5,5,0,pH,M,NA,TRUE
2,1.5,5,0,pH,Lined,8.16,TRUE
2,1.5,5,0,pH,Unlined,8.16,TRUE
2,1.5,5,0,NH4,P2.A,0.82,TRUE
2,1.5,5,0,NH4,P2.B,0.82,TRUE
2,1.5,5,0,NH4,P2.C,0.82,TRUE
2,1.5,5,0,NH4,P1.D,0.82,TRUE
2,1.5,5,0,NH4,P1.E,0.82,TRUE
2,1.5,5,0,NH4,P1.F,0.82,TRUE
2,1.5,5,0,NH4,M,NA,TRUE
2,1.5,5,0,NH4,Lined,0.82,TRUE
2,1.5,5,0,NH4,Unlined,0.82,TRUE
2,1.5,5,0,NO3,P2.A,5.4,TRUE
2,1.5,5,0,NO3,P2.B,5.4,TRUE
2,1.5,5,0,NO3,P2.C,5.4,TRUE
2,1.5,5,0,NO3,P1.D,5.4,TRUE
2,1.5,5,0,NO3,P1.E,5.4,TRUE
2,1.5,5,0,NO3,P1.F,5.4,TRUE
2,1.5,5,0,NO3,M,NA,TRUE
2,1.5,5,0,NO3,Lined,5.4,TRUE
2,1.5,5,0,NO3,Unlined,5.4,TRUE
2,1.5,5,0,EC,P2.A,328,TRUE
2,1.5,5,0,EC,P2.B,328,TRUE
2,1.5,5,0,EC,P2.C,328,TRUE
2,1.5,5,0,EC,P1.D,328,TRUE
2,1.5,5,0,EC,P1.E,328,TRUE
2,1.5,5,0,EC,P1.F,328,TRUE
2,1.5,5,0,EC,M,NA,TRUE
2,1.5,5,0,EC,Lined,328,TRUE
2,1.5,5,0,EC,Unlined,328,TRUE
2,1.5,5,0,P,P2.A,0.18,TRUE
2,1.5,5,0,P,P2.B,0.18,TRUE
2,1.5,5,0,P,P2.C,0.18,TRUE
2,1.5,5,0,P,P1.D,0.18,TRUE
2,1.5,5,0,P,P1.E,0.18,TRUE
2,1.5,5,0,P,P1.F,0.18,TRUE
2,1.5,5,0,P,M,NA,TRUE
2,1.5,5,0,P,Lined,0.18,TRUE
2,1.5,5,0,P,Unlined,0.18,TRUE
2,1.5,5,0,TC,P2.A,0,TRUE
2,1.5,5,0,TC,P2.B,0,TRUE
2,1.5,5,0,TC,P2.C,0,TRUE
2,1.5,5,0,TC,P1.D,0,TRUE
2,1.5,5,0,TC,P1.E,0,TRUE
2,1.5,5,0,TC,P1.F,0,TRUE
2,1.5,5,0,TC,M,NA,TRUE
2,1.5,5,0,TC,Lined,0,TRUE
2,1.5,5,0,TC,Unlined,0,TRUE
2,1.5,10,0,pH,P2.A,8.24,TRUE
2,1.5,10,0,pH,P2.B,8.24,TRUE
2,1.5,10,0,pH,P2.C,8.24,TRUE
2,1.5,10,0,pH,P1.D,8.24,TRUE
2,1.5,10,0,pH,P1.E,8.24,TRUE
2,1.5,10,0,pH,P1.F,8.24,TRUE
2,1.5,10,0,pH,M,NA,TRUE
2,1.5,10,0,pH,Lined,8.24,TRUE
2,1.5,10,0,pH,Unlined,8.24,TRUE
2,1.5,10,0,NH4,P2.A,0.94,TRUE
2,1.5,10,0,NH4,P2.B,0.94,TRUE
2,1.5,10,0,NH4,P2.C,0.94,TRUE
2,1.5,10,0,NH4,P1.D,0.94,TRUE
2,1.5,10,0,NH4,P1.E,0.94,TRUE
2,1.5,10,0,NH4,P1.F,0.94,TRUE
2,1.5,10,0,NH4,M,NA,TRUE
2,1.5,10,0,NH4,Lined,0.94,TRUE
2,1.5,10,0,NH4,Unlined,0.94,TRUE
2,1.5,10,0,NO3,P2.A,6.2,TRUE
2,1.5,10,0,NO3,P2.B,6.2,TRUE
2,1.5,10,0,NO3,P2.C,6.2,TRUE
2,1.5,10,0,NO3,P1.D,6.2,TRUE
2,1.5,10,0,NO3,P1.E,6.2,TRUE
2,1.5,10,0,NO3,P1.F,6.2,TRUE
2,1.5,10,0,NO3,M,NA,TRUE
2,1.5,10,0,NO3,Lined,6.2,TRUE
2,1.5,10,0,NO3,Unlined,6.2,TRUE
2,1.5,10,0,EC,P2.A,274,TRUE
2,1.5,10,0,EC,P2.B,274,TRUE
2,1.5,10,0,EC,P2.C,274,TRUE
2,1.5,10,0,EC,P1.D,274,TRUE
2,1.5,10,0,EC,P1.E,274,TRUE
2,1.5,10,0,EC,P1.F,274,TRUE
2,1.5,10,0,EC,M,NA,TRUE
2,1.5,10,0,EC,Lined,274,TRUE
2,1.5,10,0,EC,Unlined,274,TRUE
2,1.5,10,0,P,P2.A,0.3,TRUE
2,1.5,10,0,P,P2.B,0.3,TRUE
2,1.5,10,0,P,P2.C,0.3,TRUE
2,1.5,10,0,P,P1.D,0.3,TRUE
2,1.5,10,0,P,P1.E,0.3,TRUE
2,1.5,10,0,P,P1.F,0.3,TRUE
2,1.5,10,0,P,M,NA,TRUE
2,1.5,10,0,P,Lined,0.3,TRUE
2,1.5,10,0,P,Unlined,0.3,TRUE
2,1.5,10,0,TC,P2.A,17,TRUE
2,1.5,10,0,TC,P2.B,17,TRUE
2,1.5,10,0,TC,P2.C,17,TRUE
2,1.5,10,0,TC,P1.D,17,TRUE
2,1.5,10,0,TC,P1.E,17,TRUE
2,1.5,10,0,TC,P1.F,17,TRUE
2,1.5,10,0,TC,M,NA,TRUE
2,1.5,10,0,TC,Lined,17,TRUE
2,1.5,10,0,TC,Unlined,17,TRUE
2,1,1,18,pH,P2.A,8.25,TRUE
2,1,1,18,pH,P2.B,8.25,TRUE
2,1,1,18,pH,P2.C,8.25,TRUE
2,1,1,18,pH,P1.D,NA,TRUE
2,1,1,18,pH,P1.E,NA,TRUE
2,1,1,18,pH,P1.F,NA,TRUE
2,1,1,18,pH,M,NA,TRUE
2,1,1,18,pH,Lined,8.25,TRUE
2,1,1,18,pH,Unlined,NA,TRUE
2,1,1,18,NH4,P2.A,0.05,TRUE
2,1,1,18,NH4,P2.B,0.05,TRUE
2,1,1,18,NH4,P2.C,0.05,TRUE
2,1,1,18,NH4,P1.D,NA,TRUE
2,1,1,18,NH4,P1.E,NA,TRUE
2,1,1,18,NH4,P1.F,NA,TRUE
2,1,1,18,NH4,M,NA,TRUE
2,1,1,18,NH4,Lined,0.05,TRUE
2,1,1,18,NH4,Unlined,NA,TRUE
2,1,1,18,NO3,P2.A,14.3,TRUE
2,1,1,18,NO3,P2.B,14.3,TRUE
2,1,1,18,NO3,P2.C,14.3,TRUE
2,1,1,18,NO3,P1.D,NA,TRUE
2,1,1,18,NO3,P1.E,NA,TRUE
2,1,1,18,NO3,P1.F,NA,TRUE
2,1,1,18,NO3,M,NA,TRUE
2,1,1,18,NO3,Lined,14.3,TRUE
2,1,1,18,NO3,Unlined,NA,TRUE
2,1,1,18,EC,P2.A,258,TRUE
2,1,1,18,EC,P2.B,258,TRUE
2,1,1,18,EC,P2.C,258,TRUE
2,1,1,18,EC,P1.D,NA,TRUE
2,1,1,18,EC,P1.E,NA,TRUE
2,1,1,18,EC,P1.F,NA,TRUE
2,1,1,18,EC,M,NA,TRUE
2,1,1,18,EC,Lined,258,TRUE
2,1,1,18,EC,Unlined,NA,TRUE
2,1,1,18,P,P2.A,0.59,TRUE
2,1,1,18,P,P2.B,0.59,TRUE
2,1,1,18,P,P2.C,0.59,TRUE
2,1,1,18,P,P1.D,NA,TRUE
2,1,1,18,P,P1.E,NA,TRUE
2,1,1,18,P,P1.F,NA,TRUE
2,1,1,18,P,M,NA,TRUE
2,1,1,18,P,Lined,0.59,TRUE
2,1,1,18,P,Unlined,NA,TRUE
2,1,1,18,TC,P2.A,0,TRUE
2,1,1,18,TC,P2.B,0,TRUE
2,1,1,18,TC,P2.C,0,TRUE
2,1,1,18,TC,P1.D,NA,TRUE
2,1,1,18,TC,P1.E,NA,TRUE
2,1,1,18,TC,P1.F,NA,TRUE
2,1,1,18,TC,M,NA,TRUE
2,1,1,18,TC,Lined,0,TRUE
2,1,1,18,TC,Unlined,NA,TRUE
2,1,5,18,pH,P2.A,7.91,TRUE
2,1,5,18,pH,P2.B,7.91,TRUE
2,1,5,18,pH,P2.C,7.91,TRUE
2,1,5,18,pH,P1.D,NA,TRUE
2,1,5,18,pH,P1.E,NA,TRUE
2,1,5,18,pH,P1.F,NA,TRUE
2,1,5,18,pH,M,NA,TRUE
2,1,5,18,pH,Lined,7.91,TRUE
2,1,5,18,pH,Unlined,NA,TRUE
2,1,5,18,NH4,P2.A,0.04,TRUE
2,1,5,18,NH4,P2.B,0.04,TRUE
2,1,5,18,NH4,P2.C,0.04,TRUE
2,1,5,18,NH4,P1.D,NA,TRUE
2,1,5,18,NH4,P1.E,NA,TRUE
2,1,5,18,NH4,P1.F,NA,TRUE
2,1,5,18,NH4,M,NA,TRUE
2,1,5,18,NH4,Lined,0.04,TRUE
2,1,5,18,NH4,Unlined,NA,TRUE
2,1,5,18,NO3,P2.A,17.8,TRUE
2,1,5,18,NO3,P2.B,17.8,TRUE
2,1,5,18,NO3,P2.C,17.8,TRUE
2,1,5,18,NO3,P1.D,NA,TRUE
2,1,5,18,NO3,P1.E,NA,TRUE
2,1,5,18,NO3,P1.F,NA,TRUE
2,1,5,18,NO3,M,NA,TRUE
2,1,5,18,NO3,Lined,17.8,TRUE
2,1,5,18,NO3,Unlined,NA,TRUE
2,1,5,18,EC,P2.A,356,TRUE
2,1,5,18,EC,P2.B,356,TRUE
2,1,5,18,EC,P2.C,356,TRUE
2,1,5,18,EC,P1.D,NA,TRUE
2,1,5,18,EC,P1.E,NA,TRUE
2,1,5,18,EC,P1.F,NA,TRUE
2,1,5,18,EC,M,NA,TRUE
2,1,5,18,EC,Lined,356,TRUE
2,1,5,18,EC,Unlined,NA,TRUE
2,1,5,18,P,P2.A,1.15,TRUE
2,1,5,18,P,P2.B,1.15,TRUE
2,1,5,18,P,P2.C,1.15,TRUE
2,1,5,18,P,P1.D,NA,TRUE
2,1,5,18,P,P1.E,NA,TRUE
2,1,5,18,P,P1.F,NA,TRUE
2,1,5,18,P,M,NA,TRUE
2,1,5,18,P,Lined,1.15,TRUE
2,1,5,18,P,Unlined,NA,TRUE
2,1,5,18,TC,P2.A,0,TRUE
2,1,5,18,TC,P2.B,0,TRUE
2,1,5,18,TC,P2.C,0,TRUE
2,1,5,18,TC,P1.D,NA,TRUE
2,1,5,18,TC,P1.E,NA,TRUE
2,1,5,18,TC,P1.F,NA,TRUE
2,1,5,18,TC,M,NA,TRUE
2,1,5,18,TC,Lined,0,TRUE
2,1,5,18,TC,Unlined,NA,TRUE
2,1.5,1,18,pH,P2.A,8.33,TRUE
2,1.5,1,18,pH,P2.B,8.33,TRUE
2,1.5,1,18,pH,P2.C,8.33,TRUE
2,1.5,1,18,pH,P1.D,NA,TRUE
2,1.5,1,18,pH,P1.E,NA,TRUE
2,1.5,1,18,pH,P1.F,NA,TRUE
2,1.5,1,18,pH,M,NA,TRUE
2,1.5,1,18,pH,Lined,8.33,TRUE
2,1.5,1,18,pH,Unlined,NA,TRUE
2,1.5,1,18,NH4,P2.A,0.07,TRUE
2,1.5,1,18,NH4,P2.B,0.07,TRUE
2,1.5,1,18,NH4,P2.C,0.07,TRUE
2,1.5,1,18,NH4,P1.D,NA,TRUE
2,1.5,1,18,NH4,P1.E,NA,TRUE
2,1.5,1,18,NH4,P1.F,NA,TRUE
2,1.5,1,18,NH4,M,NA,TRUE
2,1.5,1,18,NH4,Lined,0.07,TRUE
2,1.5,1,18,NH4,Unlined,NA,TRUE
2,1.5,1,18,NO3,P2.A,8.7,TRUE
2,1.5,1,18,NO3,P2.B,8.7,TRUE
2,1.5,1,18,NO3,P2.C,8.7,TRUE
2,1.5,1,18,NO3,P1.D,NA,TRUE
2,1.5,1,18,NO3,P1.E,NA,TRUE
2,1.5,1,18,NO3,P1.F,NA,TRUE
2,1.5,1,18,NO3,M,NA,TRUE
2,1.5,1,18,NO3,Lined,8.7,TRUE
2,1.5,1,18,NO3,Unlined,NA,TRUE
2,1.5,1,18,EC,P2.A,311,TRUE
2,1.5,1,18,EC,P2.B,311,TRUE
2,1.5,1,18,EC,P2.C,311,TRUE
2,1.5,1,18,EC,P1.D,NA,TRUE
2,1.5,1,18,EC,P1.E,NA,TRUE
2,1.5,1,18,EC,P1.F,NA,TRUE
2,1.5,1,18,EC,M,NA,TRUE
2,1.5,1,18,EC,Lined,311,TRUE
2,1.5,1,18,EC,Unlined,NA,TRUE
2,1.5,1,18,P,P2.A,0.62,TRUE
2,1.5,1,18,P,P2.B,0.62,TRUE
2,1.5,1,18,P,P2.C,0.62,TRUE
2,1.5,1,18,P,P1.D,NA,TRUE
2,1.5,1,18,P,P1.E,NA,TRUE
2,1.5,1,18,P,P1.F,NA,TRUE
2,1.5,1,18,P,M,NA,TRUE
2,1.5,1,18,P,Lined,0.62,TRUE
2,1.5,1,18,P,Unlined,NA,TRUE
2,1.5,1,18,TC,P2.A,0,TRUE
2,1.5,1,18,TC,P2.B,0,TRUE
2,1.5,1,18,TC,P2.C,0,TRUE
2,1.5,1,18,TC,P1.D,NA,TRUE
2,1.5,1,18,TC,P1.E,NA,TRUE
2,1.5,1,18,TC,P1.F,NA,TRUE
2,1.5,1,18,TC,M,NA,TRUE
2,1.5,1,18,TC,Lined,0,TRUE
2,1.5,1,18,TC,Unlined,NA,TRUE
2,1.5,5,18,pH,P2.A,8.22,TRUE
2,1.5,5,18,pH,P2.B,8.22,TRUE
2,1.5,5,18,pH,P2.C,8.22,TRUE
2,1.5,5,18,pH,P1.D,NA,TRUE
2,1.5,5,18,pH,P1.E,NA,TRUE
2,1.5,5,18,pH,P1.F,NA,TRUE
2,1.5,5,18,pH,M,NA,TRUE
2,1.5,5,18,pH,Lined,8.22,TRUE
2,1.5,5,18,pH,Unlined,NA,TRUE
2,1.5,5,18,NH4,P2.A,0.03,TRUE
2,1.5,5,18,NH4,P2.B,0.03,TRUE
2,1.5,5,18,NH4,P2.C,0.03,TRUE
2,1.5,5,18,NH4,P1.D,NA,TRUE
2,1.5,5,18,NH4,P1.E,NA,TRUE
2,1.5,5,18,NH4,P1.F,NA,TRUE
2,1.5,5,18,NH4,M,NA,TRUE
2,1.5,5,18,NH4,Lined,0.03,TRUE
2,1.5,5,18,NH4,Unlined,NA,TRUE
2,1.5,5,18,NO3,P2.A,11.7,TRUE
2,1.5,5,18,NO3,P2.B,11.7,TRUE
2,1.5,5,18,NO3,P2.C,11.7,TRUE
2,1.5,5,18,NO3,P1.D,NA,TRUE
2,1.5,5,18,NO3,P1.E,NA,TRUE
2,1.5,5,18,NO3,P1.F,NA,TRUE
2,1.5,5,18,NO3,M,NA,TRUE
2,1.5,5,18,NO3,Lined,11.7,TRUE
2,1.5,5,18,NO3,Unlined,NA,TRUE
2,1.5,5,18,EC,P2.A,225,TRUE
2,1.5,5,18,EC,P2.B,225,TRUE
2,1.5,5,18,EC,P2.C,225,TRUE
2,1.5,5,18,EC,P1.D,NA,TRUE
2,1.5,5,18,EC,P1.E,NA,TRUE
2,1.5,5,18,EC,P1.F,NA,TRUE
2,1.5,5,18,EC,M,NA,TRUE
2,1.5,5,18,EC,Lined,225,TRUE
2,1.5,5,18,EC,Unlined,NA,TRUE
2,1.5,5,18,P,P2.A,0.34,TRUE
2,1.5,5,18,P,P2.B,0.34,TRUE
2,1.5,5,18,P,P2.C,0.34,TRUE
2,1.5,5,18,P,P1.D,NA,TRUE
2,1.5,5,18,P,P1.E,NA,TRUE
2,1.5,5,18,P,P1.F,NA,TRUE
2,1.5,5,18,P,M,NA,TRUE
2,1.5,5,18,P,Lined,0.34,TRUE
2,1.5,5,18,P,Unlined,NA,TRUE
2,1.5,5,18,TC,P2.A,0,TRUE
2,1.5,5,18,TC,P2.B,0,TRUE
2,1.5,5,18,TC,P2.C,0,TRUE
2,1.5,5,18,TC,P1.D,NA,TRUE
2,1.5,5,18,TC,P1.E,NA,TRUE
2,1.5,5,18,TC,P1.F,NA,TRUE
2,1.5,5,18,TC,M,NA,TRUE
2,1.5,5,18,TC,Lined,0,TRUE
2,1.5,5,18,TC,Unlined,NA,TRUE
2,1,1,45,pH,P2.A,8.45,TRUE
2,1,1,45,pH,P2.B,8.45,TRUE
2,1,1,45,pH,P2.C,8.45,TRUE
2,1,1,45,pH,P1.D,8.66,TRUE
2,1,1,45,pH,P1.E,8.66,TRUE
2,1,1,45,pH,P1.F,8.66,TRUE
2,1,1,45,pH,M,NA,TRUE
2,1,1,45,pH,Lined,8.45,TRUE
2,1,1,45,pH,Unlined,8.66,TRUE
2,1,1,45,NH4,P2.A,1.33,TRUE
2,1,1,45,NH4,P2.B,1.33,TRUE
2,1,1,45,NH4,P2.C,1.33,TRUE
2,1,1,45,NH4,P1.D,1.14,TRUE
2,1,1,45,NH4,P1.E,1.14,TRUE
2,1,1,45,NH4,P1.F,1.14,TRUE
2,1,1,45,NH4,M,NA,TRUE
2,1,1,45,NH4,Lined,1.33,TRUE
2,1,1,45,NH4,Unlined,1.14,TRUE
2,1,1,45,NO3,P2.A,8.1,TRUE
2,1,1,45,NO3,P2.B,8.1,TRUE
2,1,1,45,NO3,P2.C,8.1,TRUE
2,1,1,45,NO3,P1.D,24.6,TRUE
2,1,1,45,NO3,P1.E,24.6,TRUE
2,1,1,45,NO3,P1.F,24.6,TRUE
2,1,1,45,NO3,M,NA,TRUE
2,1,1,45,NO3,Lined,8.1,TRUE
2,1,1,45,NO3,Unlined,24.6,TRUE
2,1,1,45,EC,P2.A,1399,TRUE
2,1,1,45,EC,P2.B,1399,TRUE
2,1,1,45,EC,P2.C,1399,TRUE
2,1,1,45,EC,P1.D,2198,TRUE
2,1,1,45,EC,P1.E,2198,TRUE
2,1,1,45,EC,P1.F,2198,TRUE
2,1,1,45,EC,M,NA,TRUE
2,1,1,45,EC,Lined,1399,TRUE
2,1,1,45,EC,Unlined,2198,TRUE
2,1,1,45,P,P2.A,0.47,TRUE
2,1,1,45,P,P2.B,0.47,TRUE
2,1,1,45,P,P2.C,0.47,TRUE
2,1,1,45,P,P1.D,0.71,TRUE
2,1,1,45,P,P1.E,0.71,TRUE
2,1,1,45,P,P1.F,0.71,TRUE
2,1,1,45,P,M,NA,TRUE
2,1,1,45,P,Lined,0.47,TRUE
2,1,1,45,P,Unlined,0.71,TRUE
2,1,1,45,TC,P2.A,0,TRUE
2,1,1,45,TC,P2.B,0,TRUE
2,1,1,45,TC,P2.C,0,TRUE
2,1,1,45,TC,P1.D,0,TRUE
2,1,1,45,TC,P1.E,0,TRUE
2,1,1,45,TC,P1.F,0,TRUE
2,1,1,45,TC,M,NA,TRUE
2,1,1,45,TC,Lined,0,TRUE
2,1,1,45,TC,Unlined,0,TRUE
2,1,5,45,pH,P2.A,8.44,TRUE
2,1,5,45,pH,P2.B,8.44,TRUE
2,1,5,45,pH,P2.C,8.44,TRUE
2,1,5,45,pH,P1.D,8.64,TRUE
2,1,5,45,pH,P1.E,8.64,TRUE
2,1,5,45,pH,P1.F,8.64,TRUE
2,1,5,45,pH,M,NA,TRUE
2,1,5,45,pH,Lined,8.44,TRUE
2,1,5,45,pH,Unlined,8.64,TRUE
2,1,5,45,NH4,P2.A,0.92,TRUE
2,1,5,45,NH4,P2.B,0.92,TRUE
2,1,5,45,NH4,P2.C,0.92,TRUE
2,1,5,45,NH4,P1.D,1.04,TRUE
2,1,5,45,NH4,P1.E,1.04,TRUE
2,1,5,45,NH4,P1.F,1.04,TRUE
2,1,5,45,NH4,M,NA,TRUE
2,1,5,45,NH4,Lined,0.92,TRUE
2,1,5,45,NH4,Unlined,1.04,TRUE
2,1,5,45,NO3,P2.A,4.5,TRUE
2,1,5,45,NO3,P2.B,4.5,TRUE
2,1,5,45,NO3,P2.C,4.5,TRUE
2,1,5,45,NO3,P1.D,8,TRUE
2,1,5,45,NO3,P1.E,8,TRUE
2,1,5,45,NO3,P1.F,8,TRUE
2,1,5,45,NO3,M,NA,TRUE
2,1,5,45,NO3,Lined,4.5,TRUE
2,1,5,45,NO3,Unlined,8,TRUE
2,1,5,45,EC,P2.A,1120,TRUE
2,1,5,45,EC,P2.B,1120,TRUE
2,1,5,45,EC,P2.C,1120,TRUE
2,1,5,45,EC,P1.D,690,TRUE
2,1,5,45,EC,P1.E,690,TRUE
2,1,5,45,EC,P1.F,690,TRUE
2,1,5,45,EC,M,NA,TRUE
2,1,5,45,EC,Lined,1120,TRUE
2,1,5,45,EC,Unlined,690,TRUE
2,1,5,45,P,P2.A,0.48,TRUE
2,1,5,45,P,P2.B,0.48,TRUE
2,1,5,45,P,P2.C,0.48,TRUE
2,1,5,45,P,P1.D,0.26,TRUE
2,1,5,45,P,P1.E,0.26,TRUE
2,1,5,45,P,P1.F,0.26,TRUE
2,1,5,45,P,M,NA,TRUE
2,1,5,45,P,Lined,0.48,TRUE
2,1,5,45,P,Unlined,0.26,TRUE
2,1,5,45,TC,P2.A,0,TRUE
2,1,5,45,TC,P2.B,0,TRUE
2,1,5,45,TC,P2.C,0,TRUE
2,1,5,45,TC,P1.D,55,TRUE
2,1,5,45,TC,P1.E,55,TRUE
2,1,5,45,TC,P1.F,55,TRUE
2,1,5,45,TC,M,NA,TRUE
2,1,5,45,TC,Lined,0,TRUE
2,1,5,45,TC,Unlined,55,TRUE
2,1.5,1,45,pH,P2.A,8.8,TRUE
2,1.5,1,45,pH,P2.B,8.8,TRUE
2,1.5,1,45,pH,P2.C,8.8,TRUE
2,1.5,1,45,pH,P1.D,8.91,TRUE
2,1.5,1,45,pH,P1.E,8.91,TRUE
2,1.5,1,45,pH,P1.F,8.91,TRUE
2,1.5,1,45,pH,M,NA,TRUE
2,1.5,1,45,pH,Lined,8.8,TRUE
2,1.5,1,45,pH,Unlined,8.91,TRUE
2,1.5,1,45,NH4,P2.A,1.5,TRUE
2,1.5,1,45,NH4,P2.B,1.5,TRUE
2,1.5,1,45,NH4,P2.C,1.5,TRUE
2,1.5,1,45,NH4,P1.D,1.03,TRUE
2,1.5,1,45,NH4,P1.E,1.03,TRUE
2,1.5,1,45,NH4,P1.F,1.03,TRUE
2,1.5,1,45,NH4,M,NA,TRUE
2,1.5,1,45,NH4,Lined,1.5,TRUE
2,1.5,1,45,NH4,Unlined,1.03,TRUE
2,1.5,1,45,NO3,P2.A,15.6,TRUE
2,1.5,1,45,NO3,P2.B,15.6,TRUE
2,1.5,1,45,NO3,P2.C,15.6,TRUE
2,1.5,1,45,NO3,P1.D,0.8,TRUE
2,1.5,1,45,NO3,P1.E,0.8,TRUE
2,1.5,1,45,NO3,P1.F,0.8,TRUE
2,1.5,1,45,NO3,M,NA,TRUE
2,1.5,1,45,NO3,Lined,15.6,TRUE
2,1.5,1,45,NO3,Unlined,0.8,TRUE
2,1.5,1,45,EC,P2.A,697,TRUE
2,1.5,1,45,EC,P2.B,697,TRUE
2,1.5,1,45,EC,P2.C,697,TRUE
2,1.5,1,45,EC,P1.D,592,TRUE
2,1.5,1,45,EC,P1.E,592,TRUE
2,1.5,1,45,EC,P1.F,592,TRUE
2,1.5,1,45,EC,M,NA,TRUE
2,1.5,1,45,EC,Lined,697,TRUE
2,1.5,1,45,EC,Unlined,592,TRUE
2,1.5,1,45,P,P2.A,0.43,TRUE
2,1.5,1,45,P,P2.B,0.43,TRUE
2,1.5,1,45,P,P2.C,0.43,TRUE
2,1.5,1,45,P,P1.D,0.3,TRUE
2,1.5,1,45,P,P1.E,0.3,TRUE
2,1.5,1,45,P,P1.F,0.3,TRUE
2,1.5,1,45,P,M,NA,TRUE
2,1.5,1,45,P,Lined,0.43,TRUE
2,1.5,1,45,P,Unlined,0.3,TRUE
2,1.5,1,45,TC,P2.A,0,TRUE
2,1.5,1,45,TC,P2.B,0,TRUE
2,1.5,1,45,TC,P2.C,0,TRUE
2,1.5,1,45,TC,P1.D,38,TRUE
2,1.5,1,45,TC,P1.E,38,TRUE
2,1.5,1,45,TC,P1.F,38,TRUE
2,1.5,1,45,TC,M,NA,TRUE
2,1.5,1,45,TC,Lined,0,TRUE
2,1.5,1,45,TC,Unlined,38,TRUE
2,1.5,5,45,pH,P2.A,8.69,TRUE
2,1.5,5,45,pH,P2.B,8.69,TRUE
2,1.5,5,45,pH,P2.C,8.69,TRUE
2,1.5,5,45,pH,P1.D,8.79,TRUE
2,1.5,5,45,pH,P1.E,8.79,TRUE
2,1.5,5,45,pH,P1.F,8.79,TRUE
2,1.5,5,45,pH,M,NA,TRUE
2,1.5,5,45,pH,Lined,8.69,TRUE
2,1.5,5,45,pH,Unlined,8.79,TRUE
2,1.5,5,45,NH4,P2.A,0.89,TRUE
2,1.5,5,45,NH4,P2.B,0.89,TRUE
2,1.5,5,45,NH4,P2.C,0.89,TRUE
2,1.5,5,45,NH4,P1.D,1.02,TRUE
2,1.5,5,45,NH4,P1.E,1.02,TRUE
2,1.5,5,45,NH4,P1.F,1.02,TRUE
2,1.5,5,45,NH4,M,NA,TRUE
2,1.5,5,45,NH4,Lined,0.89,TRUE
2,1.5,5,45,NH4,Unlined,1.02,TRUE
2,1.5,5,45,NO3,P2.A,4.6,TRUE
2,1.5,5,45,NO3,P2.B,4.6,TRUE
2,1.5,5,45,NO3,P2.C,4.6,TRUE
2,1.5,5,45,NO3,P1.D,4.6,TRUE
2,1.5,5,45,NO3,P1.E,4.6,TRUE
2,1.5,5,45,NO3,P1.F,4.6,TRUE
2,1.5,5,45,NO3,M,NA,TRUE
2,1.5,5,45,NO3,Lined,4.6,TRUE
2,1.5,5,45,NO3,Unlined,4.6,TRUE
2,1.5,5,45,EC,P2.A,812,TRUE
2,1.5,5,45,EC,P2.B,812,TRUE
2,1.5,5,45,EC,P2.C,812,TRUE
2,1.5,5,45,EC,P1.D,367,TRUE
2,1.5,5,45,EC,P1.E,367,TRUE
2,1.5,5,45,EC,P1.F,367,TRUE
2,1.5,5,45,EC,M,NA,TRUE
2,1.5,5,45,EC,Lined,812,TRUE
2,1.5,5,45,EC,Unlined,367,TRUE
2,1.5,5,45,P,P2.A,0.64,TRUE
2,1.5,5,45,P,P2.B,0.64,TRUE
2,1.5,5,45,P,P2.C,0.64,TRUE
2,1.5,5,45,P,P1.D,0.26,TRUE
2,1.5,5,45,P,P1.E,0.26,TRUE
2,1.5,5,45,P,P1.F,0.26,TRUE
2,1.5,5,45,P,M,NA,TRUE
2,1.5,5,45,P,Lined,0.64,TRUE
2,1.5,5,45,P,Unlined,0.26,TRUE
2,1.5,5,45,TC,P2.A,0,TRUE
2,1.5,5,45,TC,P2.B,0,TRUE
2,1.5,5,45,TC,P2.C,0,TRUE
2,1.5,5,45,TC,P1.D,46,TRUE
2,1.5,5,45,TC,P1.E,46,TRUE
2,1.5,5,45,TC,P1.F,46,TRUE
2,1.5,5,45,TC,M,NA,TRUE
2,1.5,5,45,TC,Lined,0,TRUE
2,1.5,5,45,TC,Unlined,46,TRUE
2,1,0.5,175,pH,P2.A,9.35,TRUE
2,1,0.5,175,pH,P2.B,8.2,TRUE
2,1,0.5,175,pH,P2.C,8.91,TRUE
2,1,0.5,175,pH,P1.D,9.22,TRUE
2,1,0.5,175,pH,P1.E,9.18,TRUE
2,1,0.5,175,pH,P1.F,9.11,TRUE
2,1,0.5,175,pH,M,9.13,TRUE
2,1,0.5,175,pH,Lined,8.9,TRUE
2,1,0.5,175,pH,Unlined,9.16,TRUE
2,1,0.5,175,NH4,P2.A,1.02,TRUE
2,1,0.5,175,NH4,P2.B,1.1,TRUE
2,1,0.5,175,NH4,P2.C,1.02,TRUE
2,1,0.5,175,NH4,P1.D,1.01,TRUE
2,1,0.5,175,NH4,P1.E,1.33,TRUE
2,1,0.5,175,NH4,P1.F,1.33,TRUE
2,1,0.5,175,NH4,M,1.04,TRUE
2,1,0.5,175,NH4,Lined,1.05,TRUE
2,1,0.5,175,NH4,Unlined,1.18,TRUE
2,1,0.5,175,NO3,P2.A,18.6,TRUE
2,1,0.5,175,NO3,P2.B,18,TRUE
2,1,0.5,175,NO3,P2.C,17.2,TRUE
2,1,0.5,175,NO3,P1.D,12.78,TRUE
2,1,0.5,175,NO3,P1.E,12.77,TRUE
2,1,0.5,175,NO3,P1.F,18.2,TRUE
2,1,0.5,175,NO3,M,14.9,TRUE
2,1,0.5,175,NO3,Lined,17.18,TRUE
2,1,0.5,175,NO3,Unlined,14.66,TRUE
2,1,0.5,175,EC,P2.A,507,TRUE
2,1,0.5,175,EC,P2.B,683,TRUE
2,1,0.5,175,EC,P2.C,533,TRUE
2,1,0.5,175,EC,P1.D,908,TRUE
2,1,0.5,175,EC,P1.E,236,TRUE
2,1,0.5,175,EC,P1.F,263,TRUE
2,1,0.5,175,EC,M,347,TRUE
2,1,0.5,175,EC,Lined,517.5,TRUE
2,1,0.5,175,EC,Unlined,438.5,TRUE
2,1,0.5,175,P,P2.A,0.56,TRUE
2,1,0.5,175,P,P2.B,0.55,TRUE
2,1,0.5,175,P,P2.C,0.55,TRUE
2,1,0.5,175,P,P1.D,0.54,TRUE
2,1,0.5,175,P,P1.E,0.46,TRUE
2,1,0.5,175,P,P1.F,0.44,TRUE
2,1,0.5,175,P,M,0.55,TRUE
2,1,0.5,175,P,Lined,0.55,TRUE
2,1,0.5,175,P,Unlined,0.5,TRUE
2,1,0.5,175,TC,P2.A,400000,TRUE
2,1,0.5,175,TC,P2.B,6700000,TRUE
2,1,0.5,175,TC,P2.C,3800000,TRUE
2,1,0.5,175,TC,P1.D,9400000,TRUE
2,1,0.5,175,TC,P1.E,3600000,TRUE
2,1,0.5,175,TC,P1.F,1400000,TRUE
2,1,0.5,175,TC,M,8200000,TRUE
2,1,0.5,175,TC,Lined,4775000,TRUE
2,1,0.5,175,TC,Unlined,5650000,TRUE
2,1.5,0.5,175,pH,P2.A,8.12,TRUE
2,1.5,0.5,175,pH,P2.B,9.13,TRUE
2,1.5,0.5,175,pH,P2.C,8.87,TRUE
2,1.5,0.5,175,pH,P1.D,8.33,TRUE
2,1.5,0.5,175,pH,P1.E,8.46,TRUE
2,1.5,0.5,175,pH,P1.F,8.43,TRUE
2,1.5,0.5,175,pH,M,8.54,TRUE
2,1.5,0.5,175,pH,Lined,8.67,TRUE
2,1.5,0.5,175,pH,Unlined,8.44,TRUE
2,1.5,0.5,175,NH4,P2.A,1.02,TRUE
2,1.5,0.5,175,NH4,P2.B,1.2,TRUE
2,1.5,0.5,175,NH4,P2.C,1,TRUE
2,1.5,0.5,175,NH4,P1.D,1.03,TRUE
2,1.5,0.5,175,NH4,P1.E,1.2,TRUE
2,1.5,0.5,175,NH4,P1.F,1.76,TRUE
2,1.5,0.5,175,NH4,M,1.03,TRUE
2,1.5,0.5,175,NH4,Lined,1.06,TRUE
2,1.5,0.5,175,NH4,Unlined,1.26,TRUE
2,1.5,0.5,175,NO3,P2.A,18.6,TRUE
2,1.5,0.5,175,NO3,P2.B,18.5,TRUE
2,1.5,0.5,175,NO3,P2.C,18.2,TRUE
2,1.5,0.5,175,NO3,P1.D,13.9,TRUE
2,1.5,0.5,175,NO3,P1.E,12.7,TRUE
2,1.5,0.5,175,NO3,P1.F,18.5,TRUE
2,1.5,0.5,175,NO3,M,18.9,TRUE
2,1.5,0.5,175,NO3,Lined,18.55,TRUE
2,1.5,0.5,175,NO3,Unlined,16,TRUE
2,1.5,0.5,175,EC,P2.A,447,TRUE
2,1.5,0.5,175,EC,P2.B,305,TRUE
2,1.5,0.5,175,EC,P2.C,244,TRUE
2,1.5,0.5,175,EC,P1.D,769,TRUE
2,1.5,0.5,175,EC,P1.E,456,TRUE
2,1.5,0.5,175,EC,P1.F,755,TRUE
2,1.5,0.5,175,EC,M,451,TRUE
2,1.5,0.5,175,EC,Lined,361.75,TRUE
2,1.5,0.5,175,EC,Unlined,607.75,TRUE
2,1.5,0.5,175,P,P2.A,0.56,TRUE
2,1.5,0.5,175,P,P2.B,0.54,TRUE
2,1.5,0.5,175,P,P2.C,0.54,TRUE
2,1.5,0.5,175,P,P1.D,0.56,TRUE
2,1.5,0.5,175,P,P1.E,0.43,TRUE
2,1.5,0.5,175,P,P1.F,593.5,TRUE
2,1.5,0.5,175,P,M,0.54,TRUE
2,1.5,0.5,175,P,Lined,0.55,TRUE
2,1.5,0.5,175,P,Unlined,148.76,TRUE
2,1.5,0.5,175,TC,P2.A,0,TRUE
2,1.5,0.5,175,TC,P2.B,4600000,TRUE
2,1.5,0.5,175,TC,P2.C,1800000,TRUE
2,1.5,0.5,175,TC,P1.D,2100000,TRUE
2,1.5,0.5,175,TC,P1.E,0,TRUE
2,1.5,0.5,175,TC,P1.F,1700000,TRUE
2,1.5,0.5,175,TC,M,9400000,TRUE
2,1.5,0.5,175,TC,Lined,3950000,TRUE
2,1.5,0.5,175,TC,Unlined,3300000,TRUE
2,1.5,1,175,pH,P2.A,8.2,TRUE
2,1.5,1,175,pH,P2.B,8.91,TRUE
2,1.5,1,175,pH,P2.C,9.13,TRUE
2,1.5,1,175,pH,P1.D,8.93,TRUE
2,1.5,1,175,pH,P1.E,8.13,TRUE
2,1.5,1,175,pH,P1.F,8.3,TRUE
2,1.5,1,175,pH,M,NA,TRUE
2,1.5,1,175,pH,Lined,8.75,TRUE
2,1.5,1,175,pH,Unlined,8.45,TRUE
2,1.5,1,175,NH4,P2.A,1.03,TRUE
2,1.5,1,175,NH4,P2.B,1.5,TRUE
2,1.5,1,175,NH4,P2.C,1.65,TRUE
2,1.5,1,175,NH4,P1.D,1.03,TRUE
2,1.5,1,175,NH4,P1.E,1.32,TRUE
2,1.5,1,175,NH4,P1.F,0.95,TRUE
2,1.5,1,175,NH4,M,NA,TRUE
2,1.5,1,175,NH4,Lined,1.39,TRUE
2,1.5,1,175,NH4,Unlined,1.1,TRUE
2,1.5,1,175,NO3,P2.A,18.2,TRUE
2,1.5,1,175,NO3,P2.B,18.3,TRUE
2,1.5,1,175,NO3,P2.C,18.4,TRUE
2,1.5,1,175,NO3,P1.D,13,TRUE
2,1.5,1,175,NO3,P1.E,13.6,TRUE
2,1.5,1,175,NO3,P1.F,18.3,TRUE
2,1.5,1,175,NO3,M,NA,TRUE
2,1.5,1,175,NO3,Lined,18.3,TRUE
2,1.5,1,175,NO3,Unlined,14.97,TRUE
2,1.5,1,175,EC,P2.A,683,TRUE
2,1.5,1,175,EC,P2.B,245,TRUE
2,1.5,1,175,EC,P2.C,286,TRUE
2,1.5,1,175,EC,P1.D,301,TRUE
2,1.5,1,175,EC,P1.E,907,TRUE
2,1.5,1,175,EC,P1.F,466,TRUE
2,1.5,1,175,EC,M,NA,TRUE
2,1.5,1,175,EC,Lined,404.67,TRUE
2,1.5,1,175,EC,Unlined,558,TRUE
2,1.5,1,175,P,P2.A,0.54,TRUE
2,1.5,1,175,P,P2.B,0.63,TRUE
2,1.5,1,175,P,P2.C,0.5,TRUE
2,1.5,1,175,P,P1.D,0.55,TRUE
2,1.5,1,175,P,P1.E,0.57,TRUE
2,1.5,1,175,P,P1.F,0.04,TRUE
2,1.5,1,175,P,M,NA,TRUE
2,1.5,1,175,P,Lined,0.56,TRUE
2,1.5,1,175,P,Unlined,0.39,TRUE
2,1.5,1,175,TC,P2.A,6500000,TRUE
2,1.5,1,175,TC,P2.B,1200000,TRUE
2,1.5,1,175,TC,P2.C,1500000,TRUE
2,1.5,1,175,TC,P1.D,5500000,TRUE
2,1.5,1,175,TC,P1.E,3600000,TRUE
2,1.5,1,175,TC,P1.F,1500000,TRUE
2,1.5,1,175,TC,M,NA,TRUE
2,1.5,1,175,TC,Lined,3066666.67,TRUE
2,1.5,1,175,TC,Unlined,3533333.33,TRUE
2,1,0.5,198,pH,P2.A,9.3,TRUE
2,1,0.5,198,pH,P2.B,9.02,TRUE
2,1,0.5,198,pH,P2.C,9,TRUE
2,1,0.5,198,pH,P1.D,9.32,TRUE
2,1,0.5,198,pH,P1.E,9.14,TRUE
2,1,0.5,198,pH,P1.F,8.7,TRUE
2,1,0.5,198,pH,M,9.45,TRUE
2,1,0.5,198,pH,Lined,9.19,TRUE
2,1,0.5,198,pH,Unlined,9.15,TRUE
2,1,0.5,198,NH4,P2.A,NA,TRUE
2,1,0.5,198,NH4,P2.B,NA,TRUE
2,1,0.5,198,NH4,P2.C,NA,TRUE
2,1,0.5,198,NH4,P1.D,NA,TRUE
2,1,0.5,198,NH4,P1.E,NA,TRUE
2,1,0.5,198,NH4,P1.F,NA,TRUE
2,1,0.5,198,NH4,M,NA,TRUE
2,1,0.5,198,NH4,Lined,NA,TRUE
2,1,0.5,198,NH4,Unlined,NA,TRUE
2,1,0.5,198,NO3,P2.A,8.9,TRUE
2,1,0.5,198,NO3,P2.B,2,TRUE
2,1,0.5,198,NO3,P2.C,0.6,TRUE
2,1,0.5,198,NO3,P1.D,11.6,TRUE
2,1,0.5,198,NO3,P1.E,2.8,TRUE
2,1,0.5,198,NO3,P1.F,15.8,TRUE
2,1,0.5,198,NO3,M,3.2,TRUE
2,1,0.5,198,NO3,Lined,3.68,TRUE
2,1,0.5,198,NO3,Unlined,8.35,TRUE
2,1,0.5,198,EC,P2.A,537,TRUE
2,1,0.5,198,EC,P2.B,388,TRUE
2,1,0.5,198,EC,P2.C,511,TRUE
2,1,0.5,198,EC,P1.D,523,TRUE
2,1,0.5,198,EC,P1.E,319,TRUE
2,1,0.5,198,EC,P1.F,840,TRUE
2,1,0.5,198,EC,M,850,TRUE
2,1,0.5,198,EC,Lined,571.5,TRUE
2,1,0.5,198,EC,Unlined,633,TRUE
2,1,0.5,198,P,P2.A,NA,TRUE
2,1,0.5,198,P,P2.B,NA,TRUE
2,1,0.5,198,P,P2.C,NA,TRUE
2,1,0.5,198,P,P1.D,NA,TRUE
2,1,0.5,198,P,P1.E,NA,TRUE
2,1,0.5,198,P,P1.F,NA,TRUE
2,1,0.5,198,P,M,NA,TRUE
2,1,0.5,198,P,Lined,NA,TRUE
2,1,0.5,198,P,Unlined,NA,TRUE
2,1,0.5,198,TC,P2.A,55000,TRUE
2,1,0.5,198,TC,P2.B,56000,TRUE
2,1,0.5,198,TC,P2.C,110000,TRUE
2,1,0.5,198,TC,P1.D,21000,TRUE
2,1,0.5,198,TC,P1.E,210000,TRUE
2,1,0.5,198,TC,P1.F,170000,TRUE
2,1,0.5,198,TC,M,82000,TRUE
2,1,0.5,198,TC,Lined,75750,TRUE
2,1,0.5,198,TC,Unlined,120750,TRUE
2,1.5,0.5,198,pH,P2.A,8.9,TRUE
2,1.5,0.5,198,pH,P2.B,8.91,TRUE
2,1.5,0.5,198,pH,P2.C,8.78,TRUE
2,1.5,0.5,198,pH,P1.D,8.24,TRUE
2,1.5,0.5,198,pH,P1.E,8.85,TRUE
2,1.5,0.5,198,pH,P1.F,7.99,TRUE
2,1.5,0.5,198,pH,M,8.25,TRUE
2,1.5,0.5,198,pH,Lined,8.71,TRUE
2,1.5,0.5,198,pH,Unlined,8.33,TRUE
2,1.5,0.5,198,NH4,P2.A,NA,TRUE
2,1.5,0.5,198,NH4,P2.B,NA,TRUE
2,1.5,0.5,198,NH4,P2.C,NA,TRUE
2,1.5,0.5,198,NH4,P1.D,NA,TRUE
2,1.5,0.5,198,NH4,P1.E,NA,TRUE
2,1.5,0.5,198,NH4,P1.F,NA,TRUE
2,1.5,0.5,198,NH4,M,NA,TRUE
2,1.5,0.5,198,NH4,Lined,NA,TRUE
2,1.5,0.5,198,NH4,Unlined,NA,TRUE
2,1.5,0.5,198,NO3,P2.A,7,TRUE
2,1.5,0.5,198,NO3,P2.B,5.2,TRUE
2,1.5,0.5,198,NO3,P2.C,2.2,TRUE
2,1.5,0.5,198,NO3,P1.D,24.2,TRUE
2,1.5,0.5,198,NO3,P1.E,8.1,TRUE
2,1.5,0.5,198,NO3,P1.F,27.8,TRUE
2,1.5,0.5,198,NO3,M,23.1,TRUE
2,1.5,0.5,198,NO3,Lined,9.38,TRUE
2,1.5,0.5,198,NO3,Unlined,20.8,TRUE
2,1.5,0.5,198,EC,P2.A,313,TRUE
2,1.5,0.5,198,EC,P2.B,539,TRUE
2,1.5,0.5,198,EC,P2.C,394,TRUE
2,1.5,0.5,198,EC,P1.D,682,TRUE
2,1.5,0.5,198,EC,P1.E,294,TRUE
2,1.5,0.5,198,EC,P1.F,708,TRUE
2,1.5,0.5,198,EC,M,775,TRUE
2,1.5,0.5,198,EC,Lined,505.25,TRUE
2,1.5,0.5,198,EC,Unlined,614.75,TRUE
2,1.5,0.5,198,P,P2.A,NA,TRUE
2,1.5,0.5,198,P,P2.B,NA,TRUE
2,1.5,0.5,198,P,P2.C,NA,TRUE
2,1.5,0.5,198,P,P1.D,NA,TRUE
2,1.5,0.5,198,P,P1.E,NA,TRUE
2,1.5,0.5,198,P,P1.F,NA,TRUE
2,1.5,0.5,198,P,M,NA,TRUE
2,1.5,0.5,198,P,Lined,NA,TRUE
2,1.5,0.5,198,P,Unlined,NA,TRUE
2,1.5,0.5,198,TC,P2.A,140000,TRUE
2,1.5,0.5,198,TC,P2.B,65000,TRUE
2,1.5,0.5,198,TC,P2.C,120000,TRUE
2,1.5,0.5,198,TC,P1.D,30000,TRUE
2,1.5,0.5,198,TC,P1.E,110000,TRUE
2,1.5,0.5,198,TC,P1.F,69000,TRUE
2,1.5,0.5,198,TC,M,82000,TRUE
2,1.5,0.5,198,TC,Lined,101750,TRUE
2,1.5,0.5,198,TC,Unlined,72750,TRUE
2,1.5,1,198,pH,P2.A,8.61,TRUE
2,1.5,1,198,pH,P2.B,8.73,TRUE
2,1.5,1,198,pH,P2.C,8.56,TRUE
2,1.5,1,198,pH,P1.D,8.25,TRUE
2,1.5,1,198,pH,P1.E,8.42,TRUE
2,1.5,1,198,pH,P1.F,8.47,TRUE
2,1.5,1,198,pH,M,NA,TRUE
2,1.5,1,198,pH,Lined,8.63,TRUE
2,1.5,1,198,pH,Unlined,8.38,TRUE
2,1.5,1,198,NH4,P2.A,NA,TRUE
2,1.5,1,198,NH4,P2.B,NA,TRUE
2,1.5,1,198,NH4,P2.C,NA,TRUE
2,1.5,1,198,NH4,P1.D,NA,TRUE
2,1.5,1,198,NH4,P1.E,NA,TRUE
2,1.5,1,198,NH4,P1.F,NA,TRUE
2,1.5,1,198,NH4,M,NA,TRUE
2,1.5,1,198,NH4,Lined,NA,TRUE
2,1.5,1,198,NH4,Unlined,NA,TRUE
2,1.5,1,198,NO3,P2.A,2.4,TRUE
2,1.5,1,198,NO3,P2.B,4.3,TRUE
2,1.5,1,198,NO3,P2.C,0.8,TRUE
2,1.5,1,198,NO3,P1.D,15.8,TRUE
2,1.5,1,198,NO3,P1.E,16.2,TRUE
2,1.5,1,198,NO3,P1.F,9.8,TRUE
2,1.5,1,198,NO3,M,NA,TRUE
2,1.5,1,198,NO3,Lined,2.5,TRUE
2,1.5,1,198,NO3,Unlined,13.93,TRUE
2,1.5,1,198,EC,P2.A,451,TRUE
2,1.5,1,198,EC,P2.B,390,TRUE
2,1.5,1,198,EC,P2.C,491,TRUE
2,1.5,1,198,EC,P1.D,403,TRUE
2,1.5,1,198,EC,P1.E,458,TRUE
2,1.5,1,198,EC,P1.F,488,TRUE
2,1.5,1,198,EC,M,NA,TRUE
2,1.5,1,198,EC,Lined,444,TRUE
2,1.5,1,198,EC,Unlined,449.67,TRUE
2,1.5,1,198,P,P2.A,NA,TRUE
2,1.5,1,198,P,P2.B,NA,TRUE
2,1.5,1,198,P,P2.C,NA,TRUE
2,1.5,1,198,P,P1.D,NA,TRUE
2,1.5,1,198,P,P1.E,NA,TRUE
2,1.5,1,198,P,P1.F,NA,TRUE
2,1.5,1,198,P,M,NA,TRUE
2,1.5,1,198,P,Lined,NA,TRUE
2,1.5,1,198,P,Unlined,NA,TRUE
2,1.5,1,198,TC,P2.A,38000,TRUE
2,1.5,1,198,TC,P2.B,63000,TRUE
2,1.5,1,198,TC,P2.C,86000,TRUE
2,1.5,1,198,TC,P1.D,140000,TRUE
2,1.5,1,198,TC,P1.E,250000,TRUE
2,1.5,1,198,TC,P1.F,150000,TRUE
2,1.5,1,198,TC,M,NA,TRUE
2,1.5,1,198,TC,Lined,62333.33,TRUE
2,1.5,1,198,TC,Unlined,180000,TRUE
2,1,0.5,231,pH,P2.A,8.86,TRUE
2,1,0.5,231,pH,P2.B,8.04,TRUE
2,1,0.5,231,pH,P2.C,8.7,TRUE
2,1,0.5,231,pH,P1.D,8.46,TRUE
2,1,0.5,231,pH,P1.E,8.73,TRUE
2,1,0.5,231,pH,P1.F,8.41,TRUE
2,1,0.5,231,pH,M,9.47,TRUE
2,1,0.5,231,pH,Lined,8.77,TRUE
2,1,0.5,231,pH,Unlined,8.77,TRUE
2,1,0.5,231,NH4,P2.A,NA,TRUE
2,1,0.5,231,NH4,P2.B,NA,TRUE
2,1,0.5,231,NH4,P2.C,NA,TRUE
2,1,0.5,231,NH4,P1.D,NA,TRUE
2,1,0.5,231,NH4,P1.E,NA,TRUE
2,1,0.5,231,NH4,P1.F,NA,TRUE
2,1,0.5,231,NH4,M,NA,TRUE
2,1,0.5,231,NH4,Lined,NA,TRUE
2,1,0.5,231,NH4,Unlined,NA,TRUE
2,1,0.5,231,NO3,P2.A,9,TRUE
2,1,0.5,231,NO3,P2.B,8.8,TRUE
2,1,0.5,231,NO3,P2.C,5.8,TRUE
2,1,0.5,231,NO3,P1.D,20,TRUE
2,1,0.5,231,NO3,P1.E,7,TRUE
2,1,0.5,231,NO3,P1.F,21.6,TRUE
2,1,0.5,231,NO3,M,16,TRUE
2,1,0.5,231,NO3,Lined,9.9,TRUE
2,1,0.5,231,NO3,Unlined,16.15,TRUE
2,1,0.5,231,EC,P2.A,582,TRUE
2,1,0.5,231,EC,P2.B,261,TRUE
2,1,0.5,231,EC,P2.C,489,TRUE
2,1,0.5,231,EC,P1.D,341,TRUE
2,1,0.5,231,EC,P1.E,236,TRUE
2,1,0.5,231,EC,P1.F,246,TRUE
2,1,0.5,231,EC,M,614,TRUE
2,1,0.5,231,EC,Lined,486.5,TRUE
2,1,0.5,231,EC,Unlined,359.25,TRUE
2,1,0.5,231,P,P2.A,NA,TRUE
2,1,0.5,231,P,P2.B,NA,TRUE
2,1,0.5,231,P,P2.C,NA,TRUE
2,1,0.5,231,P,P1.D,NA,TRUE
2,1,0.5,231,P,P1.E,NA,TRUE
2,1,0.5,231,P,P1.F,NA,TRUE
2,1,0.5,231,P,M,NA,TRUE
2,1,0.5,231,P,Lined,NA,TRUE
2,1,0.5,231,P,Unlined,NA,TRUE
2,1,0.5,231,TC,P2.A,22500000,TRUE
2,1,0.5,231,TC,P2.B,2300000,TRUE
2,1,0.5,231,TC,P2.C,22000000,TRUE
2,1,0.5,231,TC,P1.D,22000000,TRUE
2,1,0.5,231,TC,P1.E,1100000,TRUE
2,1,0.5,231,TC,P1.F,1300000,TRUE
2,1,0.5,231,TC,M,2400000,TRUE
2,1,0.5,231,TC,Lined,12300000,TRUE
2,1,0.5,231,TC,Unlined,6700000,TRUE
2,1.5,0.5,231,pH,P2.A,8.62,TRUE
2,1.5,0.5,231,pH,P2.B,8.2,TRUE
2,1.5,0.5,231,pH,P2.C,8.65,TRUE
2,1.5,0.5,231,pH,P1.D,8.03,TRUE
2,1.5,0.5,231,pH,P1.E,8.03,TRUE
2,1.5,0.5,231,pH,P1.F,7.79,TRUE
2,1.5,0.5,231,pH,M,7.83,TRUE
2,1.5,0.5,231,pH,Lined,8.33,TRUE
2,1.5,0.5,231,pH,Unlined,7.92,TRUE
2,1.5,0.5,231,NH4,P2.A,NA,TRUE
2,1.5,0.5,231,NH4,P2.B,NA,TRUE
2,1.5,0.5,231,NH4,P2.C,NA,TRUE
2,1.5,0.5,231,NH4,P1.D,NA,TRUE
2,1.5,0.5,231,NH4,P1.E,NA,TRUE
2,1.5,0.5,231,NH4,P1.F,NA,TRUE
2,1.5,0.5,231,NH4,M,NA,TRUE
2,1.5,0.5,231,NH4,Lined,NA,TRUE
2,1.5,0.5,231,NH4,Unlined,NA,TRUE
2,1.5,0.5,231,NO3,P2.A,7,TRUE
2,1.5,0.5,231,NO3,P2.B,2.5,TRUE
2,1.5,0.5,231,NO3,P2.C,10.2,TRUE
2,1.5,0.5,231,NO3,P1.D,33.6,TRUE
2,1.5,0.5,231,NO3,P1.E,8.3,TRUE
2,1.5,0.5,231,NO3,P1.F,13.4,TRUE
2,1.5,0.5,231,NO3,M,16.6,TRUE
2,1.5,0.5,231,NO3,Lined,9.08,TRUE
2,1.5,0.5,231,NO3,Unlined,17.98,TRUE
2,1.5,0.5,231,EC,P2.A,229,TRUE
2,1.5,0.5,231,EC,P2.B,222,TRUE
2,1.5,0.5,231,EC,P2.C,415,TRUE
2,1.5,0.5,231,EC,P1.D,553,TRUE
2,1.5,0.5,231,EC,P1.E,446,TRUE
2,1.5,0.5,231,EC,P1.F,675,TRUE
2,1.5,0.5,231,EC,M,545,TRUE
2,1.5,0.5,231,EC,Lined,352.75,TRUE
2,1.5,0.5,231,EC,Unlined,554.75,TRUE
2,1.5,0.5,231,P,P2.A,NA,TRUE
2,1.5,0.5,231,P,P2.B,NA,TRUE
2,1.5,0.5,231,P,P2.C,NA,TRUE
2,1.5,0.5,231,P,P1.D,NA,TRUE
2,1.5,0.5,231,P,P1.E,NA,TRUE
2,1.5,0.5,231,P,P1.F,NA,TRUE
2,1.5,0.5,231,P,M,NA,TRUE
2,1.5,0.5,231,P,Lined,NA,TRUE
2,1.5,0.5,231,P,Unlined,NA,TRUE
2,1.5,0.5,231,TC,P2.A,2400000,TRUE
2,1.5,0.5,231,TC,P2.B,21000000,TRUE
2,1.5,0.5,231,TC,P2.C,22500000,TRUE
2,1.5,0.5,231,TC,P1.D,22000000,TRUE
2,1.5,0.5,231,TC,P1.E,23000000,TRUE
2,1.5,0.5,231,TC,P1.F,23000000,TRUE
2,1.5,0.5,231,TC,M,21000000,TRUE
2,1.5,0.5,231,TC,Lined,16725000,TRUE
2,1.5,0.5,231,TC,Unlined,22250000,TRUE
2,1.5,1,231,pH,P2.A,8.27,TRUE
2,1.5,1,231,pH,P2.B,8.59,TRUE
2,1.5,1,231,pH,P2.C,8.16,TRUE
2,1.5,1,231,pH,P1.D,8.29,TRUE
2,1.5,1,231,pH,P1.E,8.28,TRUE
2,1.5,1,231,pH,P1.F,8.4,TRUE
2,1.5,1,231,pH,M,NA,TRUE
2,1.5,1,231,pH,Lined,8.34,TRUE
2,1.5,1,231,pH,Unlined,8.32,TRUE
2,1.5,1,231,NH4,P2.A,NA,TRUE
2,1.5,1,231,NH4,P2.B,NA,TRUE
2,1.5,1,231,NH4,P2.C,NA,TRUE
2,1.5,1,231,NH4,P1.D,NA,TRUE
2,1.5,1,231,NH4,P1.E,NA,TRUE
2,1.5,1,231,NH4,P1.F,NA,TRUE
2,1.5,1,231,NH4,M,NA,TRUE
2,1.5,1,231,NH4,Lined,NA,TRUE
2,1.5,1,231,NH4,Unlined,NA,TRUE
2,1.5,1,231,NO3,P2.A,8.6,TRUE
2,1.5,1,231,NO3,P2.B,2.4,TRUE
2,1.5,1,231,NO3,P2.C,10,TRUE
2,1.5,1,231,NO3,P1.D,20,TRUE
2,1.5,1,231,NO3,P1.E,17,TRUE
2,1.5,1,231,NO3,P1.F,11.2,TRUE
2,1.5,1,231,NO3,M,NA,TRUE
2,1.5,1,231,NO3,Lined,7,TRUE
2,1.5,1,231,NO3,Unlined,16.07,TRUE
2,1.5,1,231,EC,P2.A,301,TRUE
2,1.5,1,231,EC,P2.B,305,TRUE
2,1.5,1,231,EC,P2.C,349,TRUE
2,1.5,1,231,EC,P1.D,326,TRUE
2,1.5,1,231,EC,P1.E,321,TRUE
2,1.5,1,231,EC,P1.F,272,TRUE
2,1.5,1,231,EC,M,NA,TRUE
2,1.5,1,231,EC,Lined,318.33,TRUE
2,1.5,1,231,EC,Unlined,306.33,TRUE
2,1.5,1,231,P,P2.A,NA,TRUE
2,1.5,1,231,P,P2.B,NA,TRUE
2,1.5,1,231,P,P2.C,NA,TRUE
2,1.5,1,231,P,P1.D,NA,TRUE
2,1.5,1,231,P,P1.E,NA,TRUE
2,1.5,1,231,P,P1.F,NA,TRUE
2,1.5,1,231,P,M,NA,TRUE
2,1.5,1,231,P,Lined,NA,TRUE
2,1.5,1,231,P,Unlined,NA,TRUE
2,1.5,1,231,TC,P2.A,23000000,TRUE
2,1.5,1,231,TC,P2.B,12000000,TRUE
2,1.5,1,231,TC,P2.C,24000000,TRUE
2,1.5,1,231,TC,P1.D,14000000,TRUE
2,1.5,1,231,TC,P1.E,11000000,TRUE
2,1.5,1,231,TC,P1.F,21000000,TRUE
2,1.5,1,231,TC,M,NA,TRUE
2,1.5,1,231,TC,Lined,19666666.67,TRUE
2,1.5,1,231,TC,Unlined,15333333.33,TRUE
2,1,0.5,259,pH,P2.A,7.8,TRUE
2,1,0.5,259,pH,P2.B,7.51,TRUE
2,1,0.5,259,pH,P2.C,9.23,TRUE
2,1,0.5,259,pH,P1.D,8.4,TRUE
2,1,0.5,259,pH,P1.E,8.78,TRUE
2,1,0.5,259,pH,P1.F,8.72,TRUE
2,1,0.5,259,pH,M,9.32,TRUE
2,1,0.5,259,pH,Lined,8.47,TRUE
2,1,0.5,259,pH,Unlined,8.81,TRUE
2,1,0.5,259,NH4,P2.A,0.7,TRUE
2,1,0.5,259,NH4,P2.B,0.56,TRUE
2,1,0.5,259,NH4,P2.C,0.42,TRUE
2,1,0.5,259,NH4,P1.D,1.77,TRUE
2,1,0.5,259,NH4,P1.E,0.92,TRUE
2,1,0.5,259,NH4,P1.F,0.52,TRUE
2,1,0.5,259,NH4,M,0.56,TRUE
2,1,0.5,259,NH4,Lined,0.56,TRUE
2,1,0.5,259,NH4,Unlined,0.94,TRUE
2,1,0.5,259,NO3,P2.A,16.7,TRUE
2,1,0.5,259,NO3,P2.B,9.7,TRUE
2,1,0.5,259,NO3,P2.C,8,TRUE
2,1,0.5,259,NO3,P1.D,28.1,TRUE
2,1,0.5,259,NO3,P1.E,11.5,TRUE
2,1,0.5,259,NO3,P1.F,12.3,TRUE
2,1,0.5,259,NO3,M,26.1,TRUE
2,1,0.5,259,NO3,Lined,15.13,TRUE
2,1,0.5,259,NO3,Unlined,19.5,TRUE
2,1,0.5,259,EC,P2.A,930,TRUE
2,1,0.5,259,EC,P2.B,802,TRUE
2,1,0.5,259,EC,P2.C,523,TRUE
2,1,0.5,259,EC,P1.D,603,TRUE
2,1,0.5,259,EC,P1.E,601,TRUE
2,1,0.5,259,EC,P1.F,694,TRUE
2,1,0.5,259,EC,M,1650,TRUE
2,1,0.5,259,EC,Lined,976.25,TRUE
2,1,0.5,259,EC,Unlined,887,TRUE
2,1,0.5,259,P,P2.A,0.87,TRUE
2,1,0.5,259,P,P2.B,0.97,TRUE
2,1,0.5,259,P,P2.C,0.94,TRUE
2,1,0.5,259,P,P1.D,0.88,TRUE
2,1,0.5,259,P,P1.E,0.53,TRUE
2,1,0.5,259,P,P1.F,0.93,TRUE
2,1,0.5,259,P,M,0.65,TRUE
2,1,0.5,259,P,Lined,0.86,TRUE
2,1,0.5,259,P,Unlined,0.75,TRUE
2,1,0.5,259,TC,P2.A,26000,TRUE
2,1,0.5,259,TC,P2.B,30000,TRUE
2,1,0.5,259,TC,P2.C,29000,TRUE
2,1,0.5,259,TC,P1.D,150000,TRUE
2,1,0.5,259,TC,P1.E,220000,TRUE
2,1,0.5,259,TC,P1.F,0,TRUE
2,1,0.5,259,TC,M,0,TRUE
2,1,0.5,259,TC,Lined,21250,TRUE
2,1,0.5,259,TC,Unlined,92500,TRUE
2,1.5,0.5,259,pH,P2.A,7.55,TRUE
2,1.5,0.5,259,pH,P2.B,8.79,TRUE
2,1.5,0.5,259,pH,P2.C,8.97,TRUE
2,1.5,0.5,259,pH,P1.D,7.87,TRUE
2,1.5,0.5,259,pH,P1.E,8.47,TRUE
2,1.5,0.5,259,pH,P1.F,8.18,TRUE
2,1.5,0.5,259,pH,M,8.16,TRUE
2,1.5,0.5,259,pH,Lined,8.37,TRUE
2,1.5,0.5,259,pH,Unlined,8.17,TRUE
2,1.5,0.5,259,NH4,P2.A,0.48,TRUE
2,1.5,0.5,259,NH4,P2.B,0.56,TRUE
2,1.5,0.5,259,NH4,P2.C,0.56,TRUE
2,1.5,0.5,259,NH4,P1.D,0.92,TRUE
2,1.5,0.5,259,NH4,P1.E,0.91,TRUE
2,1.5,0.5,259,NH4,P1.F,0.51,TRUE
2,1.5,0.5,259,NH4,M,0.54,TRUE
2,1.5,0.5,259,NH4,Lined,0.54,TRUE
2,1.5,0.5,259,NH4,Unlined,0.72,TRUE
2,1.5,0.5,259,NO3,P2.A,13.7,TRUE
2,1.5,0.5,259,NO3,P2.B,20.2,TRUE
2,1.5,0.5,259,NO3,P2.C,7.9,TRUE
2,1.5,0.5,259,NO3,P1.D,7.5,TRUE
2,1.5,0.5,259,NO3,P1.E,16.3,TRUE
2,1.5,0.5,259,NO3,P1.F,10.2,TRUE
2,1.5,0.5,259,NO3,M,14.9,TRUE
2,1.5,0.5,259,NO3,Lined,14.18,TRUE
2,1.5,0.5,259,NO3,Unlined,12.23,TRUE
2,1.5,0.5,259,EC,P2.A,1607,TRUE
2,1.5,0.5,259,EC,P2.B,245,TRUE
2,1.5,0.5,259,EC,P2.C,466,TRUE
2,1.5,0.5,259,EC,P1.D,794,TRUE
2,1.5,0.5,259,EC,P1.E,557,TRUE
2,1.5,0.5,259,EC,P1.F,752,TRUE
2,1.5,0.5,259,EC,M,1071,TRUE
2,1.5,0.5,259,EC,Lined,847.25,TRUE
2,1.5,0.5,259,EC,Unlined,793.5,TRUE
2,1.5,0.5,259,P,P2.A,0.81,TRUE
2,1.5,0.5,259,P,P2.B,0.95,TRUE
2,1.5,0.5,259,P,P2.C,0.89,TRUE
2,1.5,0.5,259,P,P1.D,0.77,TRUE
2,1.5,0.5,259,P,P1.E,0.56,TRUE
2,1.5,0.5,259,P,P1.F,0.57,TRUE
2,1.5,0.5,259,P,M,0.67,TRUE
2,1.5,0.5,259,P,Lined,0.83,TRUE
2,1.5,0.5,259,P,Unlined,0.64,TRUE
2,1.5,0.5,259,TC,P2.A,270000,TRUE
2,1.5,0.5,259,TC,P2.B,30000,TRUE
2,1.5,0.5,259,TC,P2.C,220000,TRUE
2,1.5,0.5,259,TC,P1.D,120000,TRUE
2,1.5,0.5,259,TC,P1.E,2400000,TRUE
2,1.5,0.5,259,TC,P1.F,15600000,TRUE
2,1.5,0.5,259,TC,M,20000000,TRUE
2,1.5,0.5,259,TC,Lined,5130000,TRUE
2,1.5,0.5,259,TC,Unlined,9530000,TRUE
2,1.5,1,259,pH,P2.A,8.05,TRUE
2,1.5,1,259,pH,P2.B,7.56,TRUE
2,1.5,1,259,pH,P2.C,8.93,TRUE
2,1.5,1,259,pH,P1.D,8.75,TRUE
2,1.5,1,259,pH,P1.E,8.66,TRUE
2,1.5,1,259,pH,P1.F,8.85,TRUE
2,1.5,1,259,pH,M,NA,TRUE
2,1.5,1,259,pH,Lined,8.18,TRUE
2,1.5,1,259,pH,Unlined,8.75,TRUE
2,1.5,1,259,NH4,P2.A,0.46,TRUE
2,1.5,1,259,NH4,P2.B,0.94,TRUE
2,1.5,1,259,NH4,P2.C,0.44,TRUE
2,1.5,1,259,NH4,P1.D,1.72,TRUE
2,1.5,1,259,NH4,P1.E,0.94,TRUE
2,1.5,1,259,NH4,P1.F,0.9,TRUE
2,1.5,1,259,NH4,M,NA,TRUE
2,1.5,1,259,NH4,Lined,0.61,TRUE
2,1.5,1,259,NH4,Unlined,1.19,TRUE
2,1.5,1,259,NO3,P2.A,13.6,TRUE
2,1.5,1,259,NO3,P2.B,9.7,TRUE
2,1.5,1,259,NO3,P2.C,3.3,TRUE
2,1.5,1,259,NO3,P1.D,22.1,TRUE
2,1.5,1,259,NO3,P1.E,20.7,TRUE
2,1.5,1,259,NO3,P1.F,13.7,TRUE
2,1.5,1,259,NO3,M,NA,TRUE
2,1.5,1,259,NO3,Lined,8.87,TRUE
2,1.5,1,259,NO3,Unlined,18.83,TRUE
2,1.5,1,259,EC,P2.A,694,TRUE
2,1.5,1,259,EC,P2.B,870,TRUE
2,1.5,1,259,EC,P2.C,456,TRUE
2,1.5,1,259,EC,P1.D,449,TRUE
2,1.5,1,259,EC,P1.E,433,TRUE
2,1.5,1,259,EC,P1.F,520,TRUE
2,1.5,1,259,EC,M,NA,TRUE
2,1.5,1,259,EC,Lined,673.33,TRUE
2,1.5,1,259,EC,Unlined,467.33,TRUE
2,1.5,1,259,P,P2.A,0.68,TRUE
2,1.5,1,259,P,P2.B,0.85,TRUE
2,1.5,1,259,P,P2.C,0.82,TRUE
2,1.5,1,259,P,P1.D,0.6,TRUE
2,1.5,1,259,P,P1.E,0.49,TRUE
2,1.5,1,259,P,P1.F,0.7,TRUE
2,1.5,1,259,P,M,NA,TRUE
2,1.5,1,259,P,Lined,0.78,TRUE
2,1.5,1,259,P,Unlined,0.6,TRUE
2,1.5,1,259,TC,P2.A,30000,TRUE
2,1.5,1,259,TC,P2.B,24000000,TRUE
2,1.5,1,259,TC,P2.C,298000,TRUE
2,1.5,1,259,TC,P1.D,24000000,TRUE
2,1.5,1,259,TC,P1.E,250000,TRUE
2,1.5,1,259,TC,P1.F,22000000,TRUE
2,1.5,1,259,TC,M,NA,TRUE
2,1.5,1,259,TC,Lined,8109333.33,TRUE
2,1.5,1,259,TC,Unlined,15416666.67,TRUE
2,1,0.5,322,pH,P2.A,8.88,TRUE
2,1,0.5,322,pH,P2.B,8.01,TRUE
2,1,0.5,322,pH,P2.C,9.11,TRUE
2,1,0.5,322,pH,P1.D,8.39,TRUE
2,1,0.5,322,pH,P1.E,8.79,TRUE
2,1,0.5,322,pH,P1.F,8.87,TRUE
2,1,0.5,322,pH,M,9.59,TRUE
2,1,0.5,322,pH,Lined,8.9,TRUE
2,1,0.5,322,pH,Unlined,8.91,TRUE
2,1,0.5,322,NH4,P2.A,NA,TRUE
2,1,0.5,322,NH4,P2.B,NA,TRUE
2,1,0.5,322,NH4,P2.C,NA,TRUE
2,1,0.5,322,NH4,P1.D,NA,TRUE
2,1,0.5,322,NH4,P1.E,NA,TRUE
2,1,0.5,322,NH4,P1.F,NA,TRUE
2,1,0.5,322,NH4,M,NA,TRUE
2,1,0.5,322,NH4,Lined,NA,TRUE
2,1,0.5,322,NH4,Unlined,NA,TRUE
2,1,0.5,322,NO3,P2.A,17.4,TRUE
2,1,0.5,322,NO3,P2.B,9,TRUE
2,1,0.5,322,NO3,P2.C,13.2,TRUE
2,1,0.5,322,NO3,P1.D,12.6,TRUE
2,1,0.5,322,NO3,P1.E,13.1,TRUE
2,1,0.5,322,NO3,P1.F,11.4,TRUE
2,1,0.5,322,NO3,M,22.9,TRUE
2,1,0.5,322,NO3,Lined,15.63,TRUE
2,1,0.5,322,NO3,Unlined,15,TRUE
2,1,0.5,322,EC,P2.A,317,TRUE
2,1,0.5,322,EC,P2.B,307,TRUE
2,1,0.5,322,EC,P2.C,281,TRUE
2,1,0.5,322,EC,P1.D,411,TRUE
2,1,0.5,322,EC,P1.E,420,TRUE
2,1,0.5,322,EC,P1.F,401,TRUE
2,1,0.5,322,EC,M,333,TRUE
2,1,0.5,322,EC,Lined,309.5,TRUE
2,1,0.5,322,EC,Unlined,391.25,TRUE
2,1,0.5,322,P,P2.A,NA,TRUE
2,1,0.5,322,P,P2.B,NA,TRUE
2,1,0.5,322,P,P2.C,NA,TRUE
2,1,0.5,322,P,P1.D,NA,TRUE
2,1,0.5,322,P,P1.E,NA,TRUE
2,1,0.5,322,P,P1.F,NA,TRUE
2,1,0.5,322,P,M,NA,TRUE
2,1,0.5,322,P,Lined,NA,TRUE
2,1,0.5,322,P,Unlined,NA,TRUE
2,1,0.5,322,TC,P2.A,5800000,TRUE
2,1,0.5,322,TC,P2.B,3800000,TRUE
2,1,0.5,322,TC,P2.C,11400000,TRUE
2,1,0.5,322,TC,P1.D,3500000,TRUE
2,1,0.5,322,TC,P1.E,3100000,TRUE
2,1,0.5,322,TC,P1.F,3300000,TRUE
2,1,0.5,322,TC,M,1100000,TRUE
2,1,0.5,322,TC,Lined,5525000,TRUE
2,1,0.5,322,TC,Unlined,2750000,TRUE
2,1.5,0.5,322,pH,P2.A,8.83,TRUE
2,1.5,0.5,322,pH,P2.B,9.19,TRUE
2,1.5,0.5,322,pH,P2.C,9.39,TRUE
2,1.5,0.5,322,pH,P1.D,8.86,TRUE
2,1.5,0.5,322,pH,P1.E,8.56,TRUE
2,1.5,0.5,322,pH,P1.F,8.52,TRUE
2,1.5,0.5,322,pH,M,8.54,TRUE
2,1.5,0.5,322,pH,Lined,8.99,TRUE
2,1.5,0.5,322,pH,Unlined,8.62,TRUE
2,1.5,0.5,322,NH4,P2.A,NA,TRUE
2,1.5,0.5,322,NH4,P2.B,NA,TRUE
2,1.5,0.5,322,NH4,P2.C,NA,TRUE
2,1.5,0.5,322,NH4,P1.D,NA,TRUE
2,1.5,0.5,322,NH4,P1.E,NA,TRUE
2,1.5,0.5,322,NH4,P1.F,NA,TRUE
2,1.5,0.5,322,NH4,M,NA,TRUE
2,1.5,0.5,322,NH4,Lined,NA,TRUE
2,1.5,0.5,322,NH4,Unlined,NA,TRUE
2,1.5,0.5,322,NO3,P2.A,26.9,TRUE
2,1.5,0.5,322,NO3,P2.B,13.9,TRUE
2,1.5,0.5,322,NO3,P2.C,17.5,TRUE
2,1.5,0.5,322,NO3,P1.D,8,TRUE
2,1.5,0.5,322,NO3,P1.E,17,TRUE
2,1.5,0.5,322,NO3,P1.F,8.9,TRUE
2,1.5,0.5,322,NO3,M,24.9,TRUE
2,1.5,0.5,322,NO3,Lined,20.8,TRUE
2,1.5,0.5,322,NO3,Unlined,14.7,TRUE
2,1.5,0.5,322,EC,P2.A,495,TRUE
2,1.5,0.5,322,EC,P2.B,215,TRUE
2,1.5,0.5,322,EC,P2.C,329,TRUE
2,1.5,0.5,322,EC,P1.D,450,TRUE
2,1.5,0.5,322,EC,P1.E,431,TRUE
2,1.5,0.5,322,EC,P1.F,470,TRUE
2,1.5,0.5,322,EC,M,413,TRUE
2,1.5,0.5,322,EC,Lined,363,TRUE
2,1.5,0.5,322,EC,Unlined,441,TRUE
2,1.5,0.5,322,P,P2.A,NA,TRUE
2,1.5,0.5,322,P,P2.B,NA,TRUE
2,1.5,0.5,322,P,P2.C,NA,TRUE
2,1.5,0.5,322,P,P1.D,NA,TRUE
2,1.5,0.5,322,P,P1.E,NA,TRUE
2,1.5,0.5,322,P,P1.F,NA,TRUE
2,1.5,0.5,322,P,M,NA,TRUE
2,1.5,0.5,322,P,Lined,NA,TRUE
2,1.5,0.5,322,P,Unlined,NA,TRUE
2,1.5,0.5,322,TC,P2.A,3700000,TRUE
2,1.5,0.5,322,TC,P2.B,4800000,TRUE
2,1.5,0.5,322,TC,P2.C,3000000,TRUE
2,1.5,0.5,322,TC,P1.D,8000000,TRUE
2,1.5,0.5,322,TC,P1.E,3200000,TRUE
2,1.5,0.5,322,TC,P1.F,4800000,TRUE
2,1.5,0.5,322,TC,M,5900000,TRUE
2,1.5,0.5,322,TC,Lined,4350000,TRUE
2,1.5,0.5,322,TC,Unlined,5475000,TRUE
2,1.5,1,322,pH,P2.A,8.75,TRUE
2,1.5,1,322,pH,P2.B,8.89,TRUE
2,1.5,1,322,pH,P2.C,8.3,TRUE
2,1.5,1,322,pH,P1.D,8.9,TRUE
2,1.5,1,322,pH,P1.E,8.45,TRUE
2,1.5,1,322,pH,P1.F,8.59,TRUE
2,1.5,1,322,pH,M,NA,TRUE
2,1.5,1,322,pH,Lined,8.65,TRUE
2,1.5,1,322,pH,Unlined,8.65,TRUE
2,1.5,1,322,NH4,P2.A,NA,TRUE
2,1.5,1,322,NH4,P2.B,NA,TRUE
2,1.5,1,322,NH4,P2.C,NA,TRUE
2,1.5,1,322,NH4,P1.D,NA,TRUE
2,1.5,1,322,NH4,P1.E,NA,TRUE
2,1.5,1,322,NH4,P1.F,NA,TRUE
2,1.5,1,322,NH4,M,NA,TRUE
2,1.5,1,322,NH4,Lined,NA,TRUE
2,1.5,1,322,NH4,Unlined,NA,TRUE
2,1.5,1,322,NO3,P2.A,21.1,TRUE
2,1.5,1,322,NO3,P2.B,18.7,TRUE
2,1.5,1,322,NO3,P2.C,11.6,TRUE
2,1.5,1,322,NO3,P1.D,23.4,TRUE
2,1.5,1,322,NO3,P1.E,13.6,TRUE
2,1.5,1,322,NO3,P1.F,13.8,TRUE
2,1.5,1,322,NO3,M,NA,TRUE
2,1.5,1,322,NO3,Lined,17.13,TRUE
2,1.5,1,322,NO3,Unlined,16.93,TRUE
2,1.5,1,322,EC,P2.A,382,TRUE
2,1.5,1,322,EC,P2.B,401,TRUE
2,1.5,1,322,EC,P2.C,269,TRUE
2,1.5,1,322,EC,P1.D,389,TRUE
2,1.5,1,322,EC,P1.E,433,TRUE
2,1.5,1,322,EC,P1.F,399,TRUE
2,1.5,1,322,EC,M,NA,TRUE
2,1.5,1,322,EC,Lined,350.67,TRUE
2,1.5,1,322,EC,Unlined,407,TRUE
2,1.5,1,322,P,P2.A,NA,TRUE
2,1.5,1,322,P,P2.B,NA,TRUE
2,1.5,1,322,P,P2.C,NA,TRUE
2,1.5,1,322,P,P1.D,NA,TRUE
2,1.5,1,322,P,P1.E,NA,TRUE
2,1.5,1,322,P,P1.F,NA,TRUE
2,1.5,1,322,P,M,NA,TRUE
2,1.5,1,322,P,Lined,NA,TRUE
2,1.5,1,322,P,Unlined,NA,TRUE
2,1.5,1,322,TC,P2.A,4700000,TRUE
2,1.5,1,322,TC,P2.B,3400000,TRUE
2,1.5,1,322,TC,P2.C,17100000,TRUE
2,1.5,1,322,TC,P1.D,19000000,TRUE
2,1.5,1,322,TC,P1.E,7800000,TRUE
2,1.5,1,322,TC,P1.F,3300000,TRUE
2,1.5,1,322,TC,M,NA,TRUE
2,1.5,1,322,TC,Lined,8400000,TRUE
2,1.5,1,322,TC,Unlined,10033333.33,TRUE
